Izborna jedinica;Grad/opæina;Broj biraèkih mjesta;Ukupno biraèa;Glasovalo ukupno;Glasovalo (prema listiæimma);Listiæi važeæi;Listiæi nevažeæi;Kandidat: VLADIMIR BILEK, Predlagatelj: NEOVISNI KANDIDAT                                        ;Kandidat: VLADO CABRNOH, Predlagatelj: NEOVISNI KANDIDAT                                        ;Kandidat: mr.sc. ZDENKA ÈUHNIL, Predlagatelj: NEOVISNI KANDIDAT                                        ;Kandidat: JURAJ FOFONJKA, ing., Predlagatelj: NEOVISNI KANDIDAT                                        ;Kandidat: BOHUMIL KOPECKY, Predlagatelj: AUTOHTONA-HRVATSKA SELJAÈKA STRANKA - A-HSS                                        ;Kandidat: ANDRIJA KURIC, Predlagatelj: SAVEZ SLOVAKA - ZVÄZ SLOVÁKOV                                        ;Kandidat: MILOSLAV MALINA, Predlagatelj: DEMOKRATSKI CENTAR - DC                                        ;Kandidat: IVAN MILER, Predlagatelj: NEOVISNI KANDIDAT                                        ;Kandidat: JASNA VANIÈEK-FILA, dipl. bohemist i talijanist, Predlagatelj: NEOVISNI KANDIDAT                                        ;;;;;;;;;;;;;;;;;;
;;;;;;;;1;2;3;4;5;6;7;8;9;;;;;;;;;;;;;;;;;;
;;;;;;;;;;;;;;;;;;;;;;;;;;;;;;;;;;
1;ZAGREB-CENTAR,ZAPAD  ;265;134;40;39;39;0;4;0;18;9;2;3;0;0;3;;;;;;;;;;;;;;;;;;
1;ZAPREŠIÆ  ;20;7;4;4;4;0;0;0;3;0;0;0;0;0;1;;;;;;;;;;;;;;;;;;
1;BISTRA  ;6;1;1;1;1;0;0;0;1;0;0;0;0;0;0;;;;;;;;;;;;;;;;;;
1;BRDOVEC  ;11;2;0;0;0;0;0;0;0;0;0;0;0;0;0;;;;;;;;;;;;;;;;;;
1;DUBRAVICA  ;6;0;0;0;0;0;0;0;0;0;0;0;0;0;0;;;;;;;;;;;;;;;;;;
1;JAKOVLJE  ;7;0;0;0;0;0;0;0;0;0;0;0;0;0;0;;;;;;;;;;;;;;;;;;
1;LUKA  ;2;0;0;0;0;0;0;0;0;0;0;0;0;0;0;;;;;;;;;;;;;;;;;;
1;MARIJA GORICA  ;5;0;0;0;0;0;0;0;0;0;0;0;0;0;0;;;;;;;;;;;;;;;;;;
1;PUŠÆA  ;7;1;1;1;1;0;0;0;1;0;0;0;0;0;0;;;;;;;;;;;;;;;;;;
2;BJELOVAR  ;63;52;27;26;26;0;5;0;6;7;0;1;1;0;6;;;;;;;;;;;;;;;;;;
2;ÈAZMA  ;36;0;0;0;0;0;0;0;0;0;0;0;0;0;0;;;;;;;;;;;;;;;;;;
2;DARUVAR  ;15;1321;790;790;787;3;305;25;134;151;9;3;31;0;129;;;;;;;;;;;;;;;;;;
2;DUGO SELO  ;17;1;1;1;1;0;1;0;0;0;0;0;0;0;0;;;;;;;;;;;;;;;;;;
2;ÐURÐEVAC  ;16;0;0;0;0;0;0;0;0;0;0;0;0;0;0;;;;;;;;;;;;;;;;;;
2;GAREŠNICA  ;26;59;22;22;22;0;10;2;3;3;1;1;2;0;0;;;;;;;;;;;;;;;;;;
2;GRUBIŠNO POLJE  ;15;447;217;217;214;3;59;7;60;36;17;2;3;1;29;;;;;;;;;;;;;;;;;;
2;KOPRIVNICA  ;37;8;2;2;2;0;1;0;0;1;0;0;0;0;0;;;;;;;;;;;;;;;;;;
2;KRIŽEVCI  ;55;3;1;1;1;0;0;0;1;0;0;0;0;0;0;;;;;;;;;;;;;;;;;;
2;SVETI IVAN ZELINA  ;50;1;1;1;1;0;1;0;0;0;0;0;0;0;0;;;;;;;;;;;;;;;;;;
2;VRBOVEC  ;40;4;1;1;1;0;0;0;0;1;0;0;0;0;0;;;;;;;;;;;;;;;;;;
2;ZAGREB-ISTOÈNI DIO  ;125;84;38;37;36;1;11;1;16;2;1;0;0;0;5;;;;;;;;;;;;;;;;;;
2;BEDENICA  ;5;0;0;0;0;0;0;0;0;0;0;0;0;0;0;;;;;;;;;;;;;;;;;;
2;BEREK  ;13;0;0;0;0;0;0;0;0;0;0;0;0;0;0;;;;;;;;;;;;;;;;;;
2;BRCKOVLJANI  ;10;1;1;1;1;0;1;0;0;0;0;0;0;0;0;;;;;;;;;;;;;;;;;;
2;DEŽANOVAC  ;11;350;187;187;186;1;47;8;16;61;2;0;6;0;46;;;;;;;;;;;;;;;;;;
2;DRNJE  ;3;0;0;0;0;0;0;0;0;0;0;0;0;0;0;;;;;;;;;;;;;;;;;;
2;DUBRAVA  ;27;11;4;4;3;1;3;0;0;0;0;0;0;0;0;;;;;;;;;;;;;;;;;;
2;ÐELEKOVEC  ;3;0;0;0;0;0;0;0;0;0;0;0;0;0;0;;;;;;;;;;;;;;;;;;
2;ÐULOVAC  ;9;17;4;4;3;1;1;1;1;0;0;0;0;0;0;;;;;;;;;;;;;;;;;;
2;FARKAŠEVAC  ;12;0;0;0;0;0;0;0;0;0;0;0;0;0;0;;;;;;;;;;;;;;;;;;
2;FERDINANDOVAC  ;6;0;0;0;0;0;0;0;0;0;0;0;0;0;0;;;;;;;;;;;;;;;;;;
2;GOLA  ;5;0;0;0;0;0;0;0;0;0;0;0;0;0;0;;;;;;;;;;;;;;;;;;
2;GORNJA RIJEKA  ;6;0;0;0;0;0;0;0;0;0;0;0;0;0;0;;;;;;;;;;;;;;;;;;
2;GRADEC  ;20;0;0;0;0;0;0;0;0;0;0;0;0;0;0;;;;;;;;;;;;;;;;;;
2;HERCEGOVAC  ;6;102;41;41;41;0;20;1;4;13;0;1;0;0;2;;;;;;;;;;;;;;;;;;
2;HLEBINE  ;3;0;0;0;0;0;0;0;0;0;0;0;0;0;0;;;;;;;;;;;;;;;;;;
2;IVANSKA  ;13;0;0;0;0;0;0;0;0;0;0;0;0;0;0;;;;;;;;;;;;;;;;;;
2;KALINOVAC  ;3;0;0;0;0;0;0;0;0;0;0;0;0;0;0;;;;;;;;;;;;;;;;;;
2;KALNIK  ;7;0;0;0;0;0;0;0;0;0;0;0;0;0;0;;;;;;;;;;;;;;;;;;
2;KAPELA  ;26;0;0;0;0;0;0;0;0;0;0;0;0;0;0;;;;;;;;;;;;;;;;;;
2;KLOŠTAR PODRAVSKI  ;5;1;0;0;0;0;0;0;0;0;0;0;0;0;0;;;;;;;;;;;;;;;;;;
2;KONÈANICA  ;7;725;357;357;349;8;122;51;104;43;2;1;8;1;17;;;;;;;;;;;;;;;;;;
2;KOPRIVNIÈKI BREGI  ;4;0;0;0;0;0;0;0;0;0;0;0;0;0;0;;;;;;;;;;;;;;;;;;
2;KOPRIVNIÈKI IVANEC  ;6;0;0;0;0;0;0;0;0;0;0;0;0;0;0;;;;;;;;;;;;;;;;;;
2;LEGRAD  ;6;1;0;0;0;0;0;0;0;0;0;0;0;0;0;;;;;;;;;;;;;;;;;;
2;MOLVE  ;5;0;0;0;0;0;0;0;0;0;0;0;0;0;0;;;;;;;;;;;;;;;;;;
2;NOVA RAÈA  ;13;3;0;0;0;0;0;0;0;0;0;0;0;0;0;;;;;;;;;;;;;;;;;;
2;NOVIGRAD PODRAVSKI  ;7;0;0;0;0;0;0;0;0;0;0;0;0;0;0;;;;;;;;;;;;;;;;;;
2;NOVO VIRJE  ;3;0;0;0;0;0;0;0;0;0;0;0;0;0;0;;;;;;;;;;;;;;;;;;
2;PETERANEC  ;3;1;0;0;0;0;0;0;0;0;0;0;0;0;0;;;;;;;;;;;;;;;;;;
2;PODRAVSKE SESVETE  ;4;0;0;0;0;0;0;0;0;0;0;0;0;0;0;;;;;;;;;;;;;;;;;;
2;PRESEKA  ;14;0;0;0;0;0;0;0;0;0;0;0;0;0;0;;;;;;;;;;;;;;;;;;
2;RAKOVEC  ;11;0;0;0;0;0;0;0;0;0;0;0;0;0;0;;;;;;;;;;;;;;;;;;
2;RASINJA  ;14;0;0;0;0;0;0;0;0;0;0;0;0;0;0;;;;;;;;;;;;;;;;;;
2;ROVIŠÆE  ;12;3;0;0;0;0;0;0;0;0;0;0;0;0;0;;;;;;;;;;;;;;;;;;
2;SEVERIN  ;3;2;0;0;0;0;0;0;0;0;0;0;0;0;0;;;;;;;;;;;;;;;;;;
2;SIRAÈ  ;7;131;62;62;62;0;17;0;8;4;1;0;4;0;28;;;;;;;;;;;;;;;;;;
2;SOKOLOVAC  ;14;0;0;0;0;0;0;0;0;0;0;0;0;0;0;;;;;;;;;;;;;;;;;;
2;SVETI IVAN ŽABNO  ;17;2;0;0;0;0;0;0;0;0;0;0;0;0;0;;;;;;;;;;;;;;;;;;
2;SVETI PETAR OREHOVEC  ;14;3;0;0;0;0;0;0;0;0;0;0;0;0;0;;;;;;;;;;;;;;;;;;
2;ŠANDROVAC  ;7;0;0;0;0;0;0;0;0;0;0;0;0;0;0;;;;;;;;;;;;;;;;;;
2;ŠTEFANJE  ;11;0;0;0;0;0;0;0;0;0;0;0;0;0;0;;;;;;;;;;;;;;;;;;
2;VELIKA PISANICA  ;9;0;0;0;0;0;0;0;0;0;0;0;0;0;0;;;;;;;;;;;;;;;;;;
2;VELIKA TRNOVITICA  ;8;1;0;0;0;0;0;0;0;0;0;0;0;0;0;;;;;;;;;;;;;;;;;;
2;VELIKI GRÐEVAC  ;11;58;16;16;16;0;4;1;4;5;1;0;0;0;1;;;;;;;;;;;;;;;;;;
2;VELIKO TROJSTVO  ;12;1;0;0;0;0;0;0;0;0;0;0;0;0;0;;;;;;;;;;;;;;;;;;
2;VIRJE  ;10;0;0;0;0;0;0;0;0;0;0;0;0;0;0;;;;;;;;;;;;;;;;;;
2;ZRINSKI TOPOLOVAC  ;3;0;0;0;0;0;0;0;0;0;0;0;0;0;0;;;;;;;;;;;;;;;;;;
3;ÈAKOVEC  ;30;2;0;0;0;0;0;0;0;0;0;0;0;0;0;;;;;;;;;;;;;;;;;;
3;DONJA STUBICA  ;11;0;0;0;0;0;0;0;0;0;0;0;0;0;0;;;;;;;;;;;;;;;;;;
3;IVANEC  ;34;0;0;0;0;0;0;0;0;0;0;0;0;0;0;;;;;;;;;;;;;;;;;;
3;KLANJEC  ;10;1;1;1;1;0;1;0;0;0;0;0;0;0;0;;;;;;;;;;;;;;;;;;
3;KRAPINA  ;15;1;0;0;0;0;0;0;0;0;0;0;0;0;0;;;;;;;;;;;;;;;;;;
3;LEPOGLAVA  ;16;0;0;0;0;0;0;0;0;0;0;0;0;0;0;;;;;;;;;;;;;;;;;;
3;LUDBREG  ;13;0;0;0;0;0;0;0;0;0;0;0;0;0;0;;;;;;;;;;;;;;;;;;
3;MURSKO SREDIŠÆE  ;7;0;0;0;0;0;0;0;0;0;0;0;0;0;0;;;;;;;;;;;;;;;;;;
3;NOVI MAROF  ;30;1;0;0;0;0;0;0;0;0;0;0;0;0;0;;;;;;;;;;;;;;;;;;
3;OROSLAVJE  ;7;0;0;0;0;0;0;0;0;0;0;0;0;0;0;;;;;;;;;;;;;;;;;;
3;PREGRADA  ;13;0;0;0;0;0;0;0;0;0;0;0;0;0;0;;;;;;;;;;;;;;;;;;
3;PRELOG  ;10;0;0;0;0;0;0;0;0;0;0;0;0;0;0;;;;;;;;;;;;;;;;;;
3;VARAŽDIN  ;48;4;0;0;0;0;0;0;0;0;0;0;0;0;0;;;;;;;;;;;;;;;;;;
3;VARAŽDINSKE TOPLICE  ;21;0;0;0;0;0;0;0;0;0;0;0;0;0;0;;;;;;;;;;;;;;;;;;
3;ZABOK  ;16;0;0;0;0;0;0;0;0;0;0;0;0;0;0;;;;;;;;;;;;;;;;;;
3;ZLATAR  ;17;0;0;0;0;0;0;0;0;0;0;0;0;0;0;;;;;;;;;;;;;;;;;;
3;BEDEKOVÈINA  ;13;0;0;0;0;0;0;0;0;0;0;0;0;0;0;;;;;;;;;;;;;;;;;;
3;BEDNJA  ;18;0;0;0;0;0;0;0;0;0;0;0;0;0;0;;;;;;;;;;;;;;;;;;
3;BELICA  ;3;0;0;0;0;0;0;0;0;0;0;0;0;0;0;;;;;;;;;;;;;;;;;;
3;BERETINEC  ;6;0;0;0;0;0;0;0;0;0;0;0;0;0;0;;;;;;;;;;;;;;;;;;
3;BREZNICA  ;6;0;0;0;0;0;0;0;0;0;0;0;0;0;0;;;;;;;;;;;;;;;;;;
3;BREZNIÈKI HUM  ;3;0;0;0;0;0;0;0;0;0;0;0;0;0;0;;;;;;;;;;;;;;;;;;
3;BUDINŠÈINA  ;9;0;0;0;0;0;0;0;0;0;0;0;0;0;0;;;;;;;;;;;;;;;;;;
3;CESTICA  ;12;0;0;0;0;0;0;0;0;0;0;0;0;0;0;;;;;;;;;;;;;;;;;;
3;DEKANOVEC  ;1;0;0;0;0;0;0;0;0;0;0;0;0;0;0;;;;;;;;;;;;;;;;;;
3;DESINIÆ  ;6;0;0;0;0;0;0;0;0;0;0;0;0;0;0;;;;;;;;;;;;;;;;;;
3;DOMAŠINEC  ;3;0;0;0;0;0;0;0;0;0;0;0;0;0;0;;;;;;;;;;;;;;;;;;
3;DONJA DUBRAVA  ;2;0;0;0;0;0;0;0;0;0;0;0;0;0;0;;;;;;;;;;;;;;;;;;
3;DONJA VOÆA  ;8;0;0;0;0;0;0;0;0;0;0;0;0;0;0;;;;;;;;;;;;;;;;;;
3;DONJI KRALJEVEC  ;8;0;0;0;0;0;0;0;0;0;0;0;0;0;0;;;;;;;;;;;;;;;;;;
3;DONJI VIDOVEC  ;2;0;0;0;0;0;0;0;0;0;0;0;0;0;0;;;;;;;;;;;;;;;;;;
3;ÐURMANEC  ;12;1;0;0;0;0;0;0;0;0;0;0;0;0;0;;;;;;;;;;;;;;;;;;
3;GORIÈAN  ;3;3;2;2;2;0;0;0;0;1;0;0;0;0;1;;;;;;;;;;;;;;;;;;
3;GORNJA STUBICA  ;15;0;0;0;0;0;0;0;0;0;0;0;0;0;0;;;;;;;;;;;;;;;;;;
3;GORNJI KNEGINEC  ;7;0;0;0;0;0;0;0;0;0;0;0;0;0;0;;;;;;;;;;;;;;;;;;
3;GORNJI MIHALJEVEC  ;6;0;0;0;0;0;0;0;0;0;0;0;0;0;0;;;;;;;;;;;;;;;;;;
3;HRAŠÆINA  ;5;0;0;0;0;0;0;0;0;0;0;0;0;0;0;;;;;;;;;;;;;;;;;;
3;HUM NA SUTLI  ;8;0;0;0;0;0;0;0;0;0;0;0;0;0;0;;;;;;;;;;;;;;;;;;
3;JALŽABET  ;7;1;0;0;0;0;0;0;0;0;0;0;0;0;0;;;;;;;;;;;;;;;;;;
3;JESENJE  ;5;0;0;0;0;0;0;0;0;0;0;0;0;0;0;;;;;;;;;;;;;;;;;;
3;KLENOVNIK  ;7;0;0;0;0;0;0;0;0;0;0;0;0;0;0;;;;;;;;;;;;;;;;;;
3;KONJŠÈINA  ;17;1;0;0;0;0;0;0;0;0;0;0;0;0;0;;;;;;;;;;;;;;;;;;
3;KOTORIBA  ;4;1;0;0;0;0;0;0;0;0;0;0;0;0;0;;;;;;;;;;;;;;;;;;
3;KRALJEVEC NA SUTLI  ;4;0;0;0;0;0;0;0;0;0;0;0;0;0;0;;;;;;;;;;;;;;;;;;
3;KRAPINSKE TOPLICE  ;11;0;0;0;0;0;0;0;0;0;0;0;0;0;0;;;;;;;;;;;;;;;;;;
3;KUMROVEC  ;9;1;0;0;0;0;0;0;0;0;0;0;0;0;0;;;;;;;;;;;;;;;;;;
3;LOBOR  ;9;0;0;0;0;0;0;0;0;0;0;0;0;0;0;;;;;;;;;;;;;;;;;;
3;LJUBEŠÆICA  ;5;0;0;0;0;0;0;0;0;0;0;0;0;0;0;;;;;;;;;;;;;;;;;;
3;MAÈE  ;8;1;1;1;1;0;1;0;0;0;0;0;0;0;0;;;;;;;;;;;;;;;;;;
3;MALA SUBOTICA  ;7;0;0;0;0;0;0;0;0;0;0;0;0;0;0;;;;;;;;;;;;;;;;;;
3;MALI BUKOVEC  ;7;0;0;0;0;0;0;0;0;0;0;0;0;0;0;;;;;;;;;;;;;;;;;;
3;MARIJA BISTRICA  ;15;2;0;0;0;0;0;0;0;0;0;0;0;0;0;;;;;;;;;;;;;;;;;;
3;MARTIJANEC  ;10;0;0;0;0;0;0;0;0;0;0;0;0;0;0;;;;;;;;;;;;;;;;;;
3;MARUŠEVEC  ;15;0;0;0;0;0;0;0;0;0;0;0;0;0;0;;;;;;;;;;;;;;;;;;
3;MIHOVLJAN  ;4;0;0;0;0;0;0;0;0;0;0;0;0;0;0;;;;;;;;;;;;;;;;;;
3;NEDELIŠÆE  ;15;1;0;0;0;0;0;0;0;0;0;0;0;0;0;;;;;;;;;;;;;;;;;;
3;NOVI GOLUBOVEC  ;3;0;0;0;0;0;0;0;0;0;0;0;0;0;0;;;;;;;;;;;;;;;;;;
3;OREHOVICA  ;4;0;0;0;0;0;0;0;0;0;0;0;0;0;0;;;;;;;;;;;;;;;;;;
3;PETRIJANEC  ;8;2;1;1;1;0;1;0;0;0;0;0;0;0;0;;;;;;;;;;;;;;;;;;
3;PETROVSKO  ;11;0;0;0;0;0;0;0;0;0;0;0;0;0;0;;;;;;;;;;;;;;;;;;
3;PODTUREN  ;6;0;0;0;0;0;0;0;0;0;0;0;0;0;0;;;;;;;;;;;;;;;;;;
3;PRIBISLAVEC  ;2;0;0;0;0;0;0;0;0;0;0;0;0;0;0;;;;;;;;;;;;;;;;;;
3;RADOBOJ  ;9;0;0;0;0;0;0;0;0;0;0;0;0;0;0;;;;;;;;;;;;;;;;;;
3;SELNICA  ;7;0;0;0;0;0;0;0;0;0;0;0;0;0;0;;;;;;;;;;;;;;;;;;
3;SRAÈINEC  ;4;0;0;0;0;0;0;0;0;0;0;0;0;0;0;;;;;;;;;;;;;;;;;;
3;STRAHONINEC  ;3;0;0;0;0;0;0;0;0;0;0;0;0;0;0;;;;;;;;;;;;;;;;;;
3;STUBIÈKE TOPLICE  ;4;0;0;0;0;0;0;0;0;0;0;0;0;0;0;;;;;;;;;;;;;;;;;;
3;SVETA MARIJA  ;3;0;0;0;0;0;0;0;0;0;0;0;0;0;0;;;;;;;;;;;;;;;;;;
3;SVETI ÐURÐ  ;10;0;0;0;0;0;0;0;0;0;0;0;0;0;0;;;;;;;;;;;;;;;;;;
3;SVETI ILIJA  ;8;0;0;0;0;0;0;0;0;0;0;0;0;0;0;;;;;;;;;;;;;;;;;;
3;SVETI JURAJ NA BREGU  ;9;0;0;0;0;0;0;0;0;0;0;0;0;0;0;;;;;;;;;;;;;;;;;;
3;SVETI KRIŽ ZAÈRETJE  ;14;0;0;0;0;0;0;0;0;0;0;0;0;0;0;;;;;;;;;;;;;;;;;;
3;SVETI MARTIN NA MURI  ;3;0;0;0;0;0;0;0;0;0;0;0;0;0;0;;;;;;;;;;;;;;;;;;
3;ŠENKOVEC  ;3;0;0;0;0;0;0;0;0;0;0;0;0;0;0;;;;;;;;;;;;;;;;;;
3;ŠTRIGOVA  ;7;0;0;0;0;0;0;0;0;0;0;0;0;0;0;;;;;;;;;;;;;;;;;;
3;TRNOVEC BARTOLOVEÈKI  ;7;1;0;0;0;0;0;0;0;0;0;0;0;0;0;;;;;;;;;;;;;;;;;;
3;TUHELJ  ;10;1;0;0;0;0;0;0;0;0;0;0;0;0;0;;;;;;;;;;;;;;;;;;
3;VELIKI BUKOVEC  ;3;0;0;0;0;0;0;0;0;0;0;0;0;0;0;;;;;;;;;;;;;;;;;;
3;VELIKO TRGOVIŠÆE  ;11;1;0;0;0;0;0;0;0;0;0;0;0;0;0;;;;;;;;;;;;;;;;;;
3;VIDOVEC  ;6;0;0;0;0;0;0;0;0;0;0;0;0;0;0;;;;;;;;;;;;;;;;;;
3;VINICA  ;7;0;0;0;0;0;0;0;0;0;0;0;0;0;0;;;;;;;;;;;;;;;;;;
3;VISOKO  ;7;0;0;0;0;0;0;0;0;0;0;0;0;0;0;;;;;;;;;;;;;;;;;;
3;VRATIŠINEC  ;3;1;0;0;0;0;0;0;0;0;0;0;0;0;0;;;;;;;;;;;;;;;;;;
3;ZAGORSKA SELA  ;7;0;0;0;0;0;0;0;0;0;0;0;0;0;0;;;;;;;;;;;;;;;;;;
3;ZLATAR-BISTRICA  ;6;0;0;0;0;0;0;0;0;0;0;0;0;0;0;;;;;;;;;;;;;;;;;;
4;BELI MANASTIR  ;12;18;1;1;1;0;0;0;0;1;0;0;0;0;0;;;;;;;;;;;;;;;;;;
4;BELIŠÆE  ;15;3;1;1;1;0;0;0;0;0;0;1;0;0;0;;;;;;;;;;;;;;;;;;
4;DONJI MIHOLJAC  ;10;2;1;1;1;0;0;0;0;0;0;1;0;0;0;;;;;;;;;;;;;;;;;;
4;ÐAKOVO  ;37;20;5;5;5;0;1;0;1;0;0;2;0;1;0;;;;;;;;;;;;;;;;;;
4;NAŠICE  ;27;283;88;88;86;2;0;0;52;1;1;32;0;0;0;;;;;;;;;;;;;;;;;;
4;ORAHOVICA  ;11;2;1;1;1;0;0;0;0;1;0;0;0;0;0;;;;;;;;;;;;;;;;;;
4;OSIJEK  ;111;107;42;42;42;0;1;0;2;1;1;36;0;0;1;;;;;;;;;;;;;;;;;;
4;SLATINA  ;23;2;2;2;2;0;0;0;2;0;0;0;0;0;0;;;;;;;;;;;;;;;;;;
4;VALPOVO  ;17;4;1;1;1;0;0;0;0;1;0;0;0;0;0;;;;;;;;;;;;;;;;;;
4;VIROVITICA  ;21;25;16;16;16;0;2;0;12;1;0;0;0;0;1;;;;;;;;;;;;;;;;;;
4;ANTUNOVAC  ;2;0;0;0;0;0;0;0;0;0;0;0;0;0;0;;;;;;;;;;;;;;;;;;
4;BILJE  ;6;3;0;0;0;0;0;0;0;0;0;0;0;0;0;;;;;;;;;;;;;;;;;;
4;BIZOVAC  ;8;4;0;0;0;0;0;0;0;0;0;0;0;0;0;;;;;;;;;;;;;;;;;;
4;CRNAC  ;3;1;1;1;1;0;0;0;0;1;0;0;0;0;0;;;;;;;;;;;;;;;;;;
4;ÈAÈINCI  ;8;1;0;0;0;0;0;0;0;0;0;0;0;0;0;;;;;;;;;;;;;;;;;;
4;ÈAÐAVICA  ;8;3;0;0;0;0;0;0;0;0;0;0;0;0;0;;;;;;;;;;;;;;;;;;
4;ÈEMINAC  ;4;0;0;0;0;0;0;0;0;0;0;0;0;0;0;;;;;;;;;;;;;;;;;;
4;ÈEPIN  ;14;6;2;2;2;0;0;0;0;0;0;2;0;0;0;;;;;;;;;;;;;;;;;;
4;DARDA  ;6;5;0;0;0;0;0;0;0;0;0;0;0;0;0;;;;;;;;;;;;;;;;;;
4;DONJA MOTIÈINA  ;4;0;0;0;0;0;0;0;0;0;0;0;0;0;0;;;;;;;;;;;;;;;;;;
4;DRAŽ  ;6;0;0;0;0;0;0;0;0;0;0;0;0;0;0;;;;;;;;;;;;;;;;;;
4;DRENJE  ;11;12;3;3;1;2;0;0;0;0;0;1;0;0;0;;;;;;;;;;;;;;;;;;
4;ÐURÐENOVAC  ;16;4;2;2;2;0;0;0;1;1;0;0;0;0;0;;;;;;;;;;;;;;;;;;
4;ERDUT  ;10;4;1;1;1;0;0;0;0;0;0;0;1;0;0;;;;;;;;;;;;;;;;;;
4;ERNESTINOVO  ;2;1;0;0;0;0;0;0;0;0;0;0;0;0;0;;;;;;;;;;;;;;;;;;
4;FERIÈANCI  ;5;0;0;0;0;0;0;0;0;0;0;0;0;0;0;;;;;;;;;;;;;;;;;;
4;GORJANI  ;2;3;0;0;0;0;0;0;0;0;0;0;0;0;0;;;;;;;;;;;;;;;;;;
4;GRADINA  ;12;0;0;0;0;0;0;0;0;0;0;0;0;0;0;;;;;;;;;;;;;;;;;;
4;JAGODNJAK  ;3;0;0;0;0;0;0;0;0;0;0;0;0;0;0;;;;;;;;;;;;;;;;;;
4;KNEŽEVI VINOGRADI  ;8;4;1;1;1;0;0;0;1;0;0;0;0;0;0;;;;;;;;;;;;;;;;;;
4;KOŠKA  ;10;18;4;4;4;0;0;0;1;0;0;3;0;0;0;;;;;;;;;;;;;;;;;;
4;LEVANJSKA VAROŠ  ;9;0;0;0;0;0;0;0;0;0;0;0;0;0;0;;;;;;;;;;;;;;;;;;
4;LUKAÈ  ;10;0;0;0;0;0;0;0;0;0;0;0;0;0;0;;;;;;;;;;;;;;;;;;
4;MAGADENOVAC  ;6;0;0;0;0;0;0;0;0;0;0;0;0;0;0;;;;;;;;;;;;;;;;;;
4;MARIJANCI  ;6;0;0;0;0;0;0;0;0;0;0;0;0;0;0;;;;;;;;;;;;;;;;;;
4;MIKLEUŠ  ;3;0;0;0;0;0;0;0;0;0;0;0;0;0;0;;;;;;;;;;;;;;;;;;
4;NOVA BUKOVICA  ;8;1;0;0;0;0;0;0;0;0;0;0;0;0;0;;;;;;;;;;;;;;;;;;
4;PETLOVAC  ;6;1;0;0;0;0;0;0;0;0;0;0;0;0;0;;;;;;;;;;;;;;;;;;
4;PETRIJEVCI  ;4;1;1;1;1;0;0;0;0;0;1;0;0;0;0;;;;;;;;;;;;;;;;;;
4;PITOMAÈA  ;19;0;0;0;0;0;0;0;0;0;0;0;0;0;0;;;;;;;;;;;;;;;;;;
4;PODGORAÈ  ;10;2;0;0;0;0;0;0;0;0;0;0;0;0;0;;;;;;;;;;;;;;;;;;
4;PODRAVSKA MOSLAVINA  ;2;0;0;0;0;0;0;0;0;0;0;0;0;0;0;;;;;;;;;;;;;;;;;;
4;POPOVAC  ;3;0;0;0;0;0;0;0;0;0;0;0;0;0;0;;;;;;;;;;;;;;;;;;
4;PUNITOVCI  ;3;158;26;26;25;1;0;0;1;0;2;21;1;0;0;;;;;;;;;;;;;;;;;;
4;SATNICA ÐAKOVAÈKA  ;4;1;0;0;0;0;0;0;0;0;0;0;0;0;0;;;;;;;;;;;;;;;;;;
4;SEMELJCI  ;5;1;1;1;1;0;0;0;0;1;0;0;0;0;0;;;;;;;;;;;;;;;;;;
4;SOPJE  ;9;1;0;0;0;0;0;0;0;0;0;0;0;0;0;;;;;;;;;;;;;;;;;;
4;STRIZIVOJNA  ;3;0;0;0;0;0;0;0;0;0;0;0;0;0;0;;;;;;;;;;;;;;;;;;
4;SUHOPOLJE  ;19;1;0;0;0;0;0;0;0;0;0;0;0;0;0;;;;;;;;;;;;;;;;;;
4;ŠODOLOVCI  ;7;0;0;0;0;0;0;0;0;0;0;0;0;0;0;;;;;;;;;;;;;;;;;;
4;ŠPIŠIÆ BUKOVICA  ;8;0;0;0;0;0;0;0;0;0;0;0;0;0;0;;;;;;;;;;;;;;;;;;
4;TRNAVA  ;6;0;0;0;0;0;0;0;0;0;0;0;0;0;0;;;;;;;;;;;;;;;;;;
4;VILJEVO  ;4;1;1;1;1;0;0;0;0;0;0;1;0;0;0;;;;;;;;;;;;;;;;;;
4;VIŠKOVCI  ;3;2;0;0;0;0;0;0;0;0;0;0;0;0;0;;;;;;;;;;;;;;;;;;
4;VLADISLAVCI  ;4;1;0;0;0;0;0;0;0;0;0;0;0;0;0;;;;;;;;;;;;;;;;;;
4;VOÆIN  ;3;0;0;0;0;0;0;0;0;0;0;0;0;0;0;;;;;;;;;;;;;;;;;;
4;VUKA  ;1;1;1;1;1;0;0;0;0;0;0;1;0;0;0;;;;;;;;;;;;;;;;;;
4;ZDENCI  ;9;2;1;1;1;0;0;0;0;0;0;1;0;0;0;;;;;;;;;;;;;;;;;;
5;ILOK  ;7;527;138;138;130;8;2;0;16;1;3;104;1;0;3;;;;;;;;;;;;;;;;;;
5;KUTJEVO  ;21;12;9;9;9;0;2;0;4;2;0;0;0;1;0;;;;;;;;;;;;;;;;;;
5;LIPIK  ;19;132;48;48;47;1;4;2;11;20;3;1;1;0;5;;;;;;;;;;;;;;;;;;
5;NOVA GRADIŠKA  ;14;6;2;2;2;0;1;0;1;0;0;0;0;0;0;;;;;;;;;;;;;;;;;;
5;OTOK (VINKOVCI)  ;6;4;1;1;1;0;0;0;1;0;0;0;0;0;0;;;;;;;;;;;;;;;;;;
5;PAKRAC  ;23;143;46;46;44;2;2;0;16;17;2;1;0;0;6;;;;;;;;;;;;;;;;;;
5;PLETERNICA  ;36;3;2;2;2;0;0;0;1;0;1;0;0;0;0;;;;;;;;;;;;;;;;;;
5;POŽEGA  ;48;20;4;4;4;0;0;0;1;3;0;0;0;0;0;;;;;;;;;;;;;;;;;;
5;SLAVONSKI BROD  ;49;16;8;8;8;0;1;0;2;3;0;0;1;0;1;;;;;;;;;;;;;;;;;;
5;VINKOVCI  ;33;18;4;3;3;0;0;0;2;0;0;1;0;0;0;;;;;;;;;;;;;;;;;;
5;VUKOVAR  ;28;58;5;3;3;0;0;0;0;1;0;1;0;0;1;;;;;;;;;;;;;;;;;;
5;ŽUPANJA  ;7;1;0;0;0;0;0;0;0;0;0;0;0;0;0;;;;;;;;;;;;;;;;;;
5;ANDRIJAŠEVCI  ;4;0;0;0;0;0;0;0;0;0;0;0;0;0;0;;;;;;;;;;;;;;;;;;
5;BABINA GREDA  ;5;0;0;0;0;0;0;0;0;0;0;0;0;0;0;;;;;;;;;;;;;;;;;;
5;BEBRINA  ;7;3;0;0;0;0;0;0;0;0;0;0;0;0;0;;;;;;;;;;;;;;;;;;
5;BOGDANOVCI  ;3;0;0;0;0;0;0;0;0;0;0;0;0;0;0;;;;;;;;;;;;;;;;;;
5;BOROVO  ;5;24;2;2;2;0;1;0;0;0;0;1;0;0;0;;;;;;;;;;;;;;;;;;
5;BOŠNJACI  ;4;1;0;0;0;0;0;0;0;0;0;0;0;0;0;;;;;;;;;;;;;;;;;;
5;BRESTOVAC  ;17;1;0;0;0;0;0;0;0;0;0;0;0;0;0;;;;;;;;;;;;;;;;;;
5;BRODSKI STUPNIK  ;5;1;0;0;0;0;0;0;0;0;0;0;0;0;0;;;;;;;;;;;;;;;;;;
5;BUKOVLJE  ;6;0;0;0;0;0;0;0;0;0;0;0;0;0;0;;;;;;;;;;;;;;;;;;
5;CERNA  ;5;0;0;0;0;0;0;0;0;0;0;0;0;0;0;;;;;;;;;;;;;;;;;;
5;CERNIK  ;10;1;0;0;0;0;0;0;0;0;0;0;0;0;0;;;;;;;;;;;;;;;;;;
5;ÈAGLIN  ;22;2;0;0;0;0;0;0;0;0;0;0;0;0;0;;;;;;;;;;;;;;;;;;
5;DAVOR  ;3;1;0;0;0;0;0;0;0;0;0;0;0;0;0;;;;;;;;;;;;;;;;;;
5;DONJI ANDRIJEVCI  ;6;0;0;0;0;0;0;0;0;0;0;0;0;0;0;;;;;;;;;;;;;;;;;;
5;DRAGALIÆ  ;6;0;0;0;0;0;0;0;0;0;0;0;0;0;0;;;;;;;;;;;;;;;;;;
5;DRENOVCI  ;6;0;0;0;0;0;0;0;0;0;0;0;0;0;0;;;;;;;;;;;;;;;;;;
5;GARÈIN  ;9;1;0;0;0;0;0;0;0;0;0;0;0;0;0;;;;;;;;;;;;;;;;;;
5;GORNJA VRBA  ;5;0;0;0;0;0;0;0;0;0;0;0;0;0;0;;;;;;;;;;;;;;;;;;
5;GORNJI BOGIÆEVCI  ;5;6;3;3;3;0;1;0;1;1;0;0;0;0;0;;;;;;;;;;;;;;;;;;
5;GRADIŠTE  ;4;0;0;0;0;0;0;0;0;0;0;0;0;0;0;;;;;;;;;;;;;;;;;;
5;GUNDINCI  ;4;0;0;0;0;0;0;0;0;0;0;0;0;0;0;;;;;;;;;;;;;;;;;;
5;GUNJA  ;4;2;0;0;0;0;0;0;0;0;0;0;0;0;0;;;;;;;;;;;;;;;;;;
5;IVANKOVO  ;6;1;0;0;0;0;0;0;0;0;0;0;0;0;0;;;;;;;;;;;;;;;;;;
5;JAKŠIÆ  ;13;11;6;6;6;0;1;0;0;0;0;5;0;0;0;;;;;;;;;;;;;;;;;;
5;JARMINA  ;3;0;0;0;0;0;0;0;0;0;0;0;0;0;0;;;;;;;;;;;;;;;;;;
5;KAPTOL  ;11;48;24;24;24;0;0;0;20;4;0;0;0;0;0;;;;;;;;;;;;;;;;;;
5;KLAKAR  ;5;0;0;0;0;0;0;0;0;0;0;0;0;0;0;;;;;;;;;;;;;;;;;;
5;LOVAS  ;2;0;0;0;0;0;0;0;0;0;0;0;0;0;0;;;;;;;;;;;;;;;;;;
5;MARKUŠICA  ;6;2;0;0;0;0;0;0;0;0;0;0;0;0;0;;;;;;;;;;;;;;;;;;
5;NEGOSLAVCI  ;2;0;0;0;0;0;0;0;0;0;0;0;0;0;0;;;;;;;;;;;;;;;;;;
5;NIJEMCI  ;8;2;0;0;0;0;0;0;0;0;0;0;0;0;0;;;;;;;;;;;;;;;;;;
5;NOVA KAPELA  ;14;2;1;1;1;0;0;0;1;0;0;0;0;0;0;;;;;;;;;;;;;;;;;;
5;NUŠTAR  ;5;0;0;0;0;0;0;0;0;0;0;0;0;0;0;;;;;;;;;;;;;;;;;;
5;OKUÈANI  ;5;1;0;0;0;0;0;0;0;0;0;0;0;0;0;;;;;;;;;;;;;;;;;;
5;OPRISAVCI  ;9;0;0;0;0;0;0;0;0;0;0;0;0;0;0;;;;;;;;;;;;;;;;;;
5;ORIOVAC  ;11;3;2;2;2;0;0;0;2;0;0;0;0;0;0;;;;;;;;;;;;;;;;;;
5;PODCRKAVLJE  ;11;0;0;0;0;0;0;0;0;0;0;0;0;0;0;;;;;;;;;;;;;;;;;;
5;PRIVLAKA  ;3;0;0;0;0;0;0;0;0;0;0;0;0;0;0;;;;;;;;;;;;;;;;;;
5;REŠETARI  ;8;0;0;0;0;0;0;0;0;0;0;0;0;0;0;;;;;;;;;;;;;;;;;;
5;SIBINJ  ;12;1;0;0;0;0;0;0;0;0;0;0;0;0;0;;;;;;;;;;;;;;;;;;
5;SIKIREVCI  ;5;0;0;0;0;0;0;0;0;0;0;0;0;0;0;;;;;;;;;;;;;;;;;;
5;SLAVONSKI ŠAMAC  ;4;0;0;0;0;0;0;0;0;0;0;0;0;0;0;;;;;;;;;;;;;;;;;;
5;STARA GRADIŠKA  ;5;1;0;0;0;0;0;0;0;0;0;0;0;0;0;;;;;;;;;;;;;;;;;;
5;STARI JANKOVCI  ;5;1;0;0;0;0;0;0;0;0;0;0;0;0;0;;;;;;;;;;;;;;;;;;
5;STARI MIKANOVCI  ;4;0;0;0;0;0;0;0;0;0;0;0;0;0;0;;;;;;;;;;;;;;;;;;
5;STARO PETROVO SELO  ;13;1;0;0;0;0;0;0;0;0;0;0;0;0;0;;;;;;;;;;;;;;;;;;
5;ŠTITAR  ;2;0;0;0;0;0;0;0;0;0;0;0;0;0;0;;;;;;;;;;;;;;;;;;
5;TOMPOJEVCI  ;5;1;0;0;0;0;0;0;0;0;0;0;0;0;0;;;;;;;;;;;;;;;;;;
5;TORDINCI  ;4;0;0;0;0;0;0;0;0;0;0;0;0;0;0;;;;;;;;;;;;;;;;;;
5;TOVARNIK  ;4;3;0;0;0;0;0;0;0;0;0;0;0;0;0;;;;;;;;;;;;;;;;;;
5;TRPINJA  ;7;3;0;0;0;0;0;0;0;0;0;0;0;0;0;;;;;;;;;;;;;;;;;;
5;VELIKA  ;17;2;2;2;2;0;0;0;0;1;0;0;0;1;0;;;;;;;;;;;;;;;;;;
5;VELIKA KOPANICA  ;9;0;0;0;0;0;0;0;0;0;0;0;0;0;0;;;;;;;;;;;;;;;;;;
5;VOÐINCI  ;2;0;0;0;0;0;0;0;0;0;0;0;0;0;0;;;;;;;;;;;;;;;;;;
5;VRBANJA  ;6;23;8;8;8;0;1;0;1;0;0;6;0;0;0;;;;;;;;;;;;;;;;;;
5;VRBJE  ;7;0;0;0;0;0;0;0;0;0;0;0;0;0;0;;;;;;;;;;;;;;;;;;
5;VRPOLJE  ;4;1;0;0;0;0;0;0;0;0;0;0;0;0;0;;;;;;;;;;;;;;;;;;
6;GLINA  ;20;0;0;0;0;0;0;0;0;0;0;0;0;0;0;;;;;;;;;;;;;;;;;;
6;HRVATSKA KOSTAJNICA  ;8;0;0;0;0;0;0;0;0;0;0;0;0;0;0;;;;;;;;;;;;;;;;;;
6;IVANIÆ-GRAD  ;21;4;2;2;2;0;0;0;2;0;0;0;0;0;0;;;;;;;;;;;;;;;;;;
6;KUTINA  ;39;162;64;64;64;0;1;2;39;7;9;5;0;0;1;;;;;;;;;;;;;;;;;;
6;NOVSKA  ;20;16;6;6;6;0;0;0;1;0;0;0;0;0;5;;;;;;;;;;;;;;;;;;
6;PETRINJA  ;34;6;1;1;1;0;0;0;0;0;0;0;0;0;1;;;;;;;;;;;;;;;;;;
6;SISAK  ;70;69;47;47;46;1;8;0;27;4;0;0;2;0;5;;;;;;;;;;;;;;;;;;
6;VELIKA GORICA  ;68;25;10;10;10;0;2;0;4;0;3;1;0;0;0;;;;;;;;;;;;;;;;;;
6;ZAGREB-JUGOISTOK  ;97;56;20;20;20;0;7;0;4;5;0;2;2;0;0;;;;;;;;;;;;;;;;;;
6;DONJI KUKURUZARI  ;5;0;0;0;0;0;0;0;0;0;0;0;0;0;0;;;;;;;;;;;;;;;;;;
6;DVOR  ;12;2;1;1;1;0;0;0;0;1;0;0;0;0;0;;;;;;;;;;;;;;;;;;
6;GVOZD  ;7;0;0;0;0;0;0;0;0;0;0;0;0;0;0;;;;;;;;;;;;;;;;;;
6;HRVATSKA DUBICA  ;6;1;0;0;0;0;0;0;0;0;0;0;0;0;0;;;;;;;;;;;;;;;;;;
6;JASENOVAC  ;10;1;0;0;0;0;0;0;0;0;0;0;0;0;0;;;;;;;;;;;;;;;;;;
6;KLOŠTAR IVANIÆ  ;13;1;1;1;1;0;0;0;1;0;0;0;0;0;0;;;;;;;;;;;;;;;;;;
6;KRAVARSKO  ;10;0;0;0;0;0;0;0;0;0;0;0;0;0;0;;;;;;;;;;;;;;;;;;
6;KRIŽ  ;19;1;0;0;0;0;0;0;0;0;0;0;0;0;0;;;;;;;;;;;;;;;;;;
6;LEKENIK  ;15;0;0;0;0;0;0;0;0;0;0;0;0;0;0;;;;;;;;;;;;;;;;;;
6;LIPOVLJANI  ;6;85;45;45;45;0;2;0;23;1;3;14;0;1;1;;;;;;;;;;;;;;;;;;
6;MAJUR  ;7;0;0;0;0;0;0;0;0;0;0;0;0;0;0;;;;;;;;;;;;;;;;;;
6;MARTINSKA VES  ;17;0;0;0;0;0;0;0;0;0;0;0;0;0;0;;;;;;;;;;;;;;;;;;
6;ORLE  ;6;0;0;0;0;0;0;0;0;0;0;0;0;0;0;;;;;;;;;;;;;;;;;;
6;POKUPSKO  ;14;0;0;0;0;0;0;0;0;0;0;0;0;0;0;;;;;;;;;;;;;;;;;;
6;POPOVAÈA  ;19;3;1;1;1;0;1;0;0;0;0;0;0;0;0;;;;;;;;;;;;;;;;;;
6;RUGVICA  ;14;0;0;0;0;0;0;0;0;0;0;0;0;0;0;;;;;;;;;;;;;;;;;;
6;SUNJA  ;24;4;2;2;2;0;0;0;2;0;0;0;0;0;0;;;;;;;;;;;;;;;;;;
6;TOPUSKO  ;8;0;0;0;0;0;0;0;0;0;0;0;0;0;0;;;;;;;;;;;;;;;;;;
6;VELIKA LUDINA  ;12;7;3;3;3;0;0;0;1;2;0;0;0;0;0;;;;;;;;;;;;;;;;;;
7;BAKAR  ;8;3;0;0;0;0;0;0;0;0;0;0;0;0;0;;;;;;;;;;;;;;;;;;
7;ÈABAR  ;5;0;0;0;0;0;0;0;0;0;0;0;0;0;0;;;;;;;;;;;;;;;;;;
7;DELNICE  ;7;1;1;1;1;0;0;0;0;0;0;1;0;0;0;;;;;;;;;;;;;;;;;;
7;DUGA RESA  ;24;0;0;0;0;0;0;0;0;0;0;0;0;0;0;;;;;;;;;;;;;;;;;;
7;JASTREBARSKO  ;49;4;1;1;1;0;0;0;1;0;0;0;0;0;0;;;;;;;;;;;;;;;;;;
7;KARLOVAC  ;92;6;1;1;1;0;1;0;0;0;0;0;0;0;0;;;;;;;;;;;;;;;;;;
7;KASTAV  ;6;6;0;0;0;0;0;0;0;0;0;0;0;0;0;;;;;;;;;;;;;;;;;;
7;NOVI VINODOLSKI  ;15;2;0;0;0;0;0;0;0;0;0;0;0;0;0;;;;;;;;;;;;;;;;;;
7;OGULIN  ;23;2;0;0;0;0;0;0;0;0;0;0;0;0;0;;;;;;;;;;;;;;;;;;
7;OZALJ  ;27;1;0;0;0;0;0;0;0;0;0;0;0;0;0;;;;;;;;;;;;;;;;;;
7;SAMOBOR  ;80;4;2;2;2;0;1;0;0;0;0;1;0;0;0;;;;;;;;;;;;;;;;;;
7;SLUNJ  ;12;1;0;0;0;0;0;0;0;0;0;0;0;0;0;;;;;;;;;;;;;;;;;;
7;SVETA NEDELJA  ;17;2;1;1;1;0;1;0;0;0;0;0;0;0;0;;;;;;;;;;;;;;;;;;
7;VRBOVSKO  ;12;1;0;0;0;0;0;0;0;0;0;0;0;0;0;;;;;;;;;;;;;;;;;;
7;ZAGREB-JUŽNI DIO  ;113;65;18;17;17;0;8;0;1;2;1;3;0;0;2;;;;;;;;;;;;;;;;;;
7;BARILOVIÆ  ;12;0;0;0;0;0;0;0;0;0;0;0;0;0;0;;;;;;;;;;;;;;;;;;
7;BOSILJEVO  ;4;0;0;0;0;0;0;0;0;0;0;0;0;0;0;;;;;;;;;;;;;;;;;;
7;BROD MORAVICE  ;1;0;0;0;0;0;0;0;0;0;0;0;0;0;0;;;;;;;;;;;;;;;;;;
7;CETINGRAD  ;2;0;0;0;0;0;0;0;0;0;0;0;0;0;0;;;;;;;;;;;;;;;;;;
7;ÈAVLE  ;7;0;0;0;0;0;0;0;0;0;0;0;0;0;0;;;;;;;;;;;;;;;;;;
7;DRAGANIÆ  ;4;1;0;0;0;0;0;0;0;0;0;0;0;0;0;;;;;;;;;;;;;;;;;;
7;FUŽINE  ;3;0;0;0;0;0;0;0;0;0;0;0;0;0;0;;;;;;;;;;;;;;;;;;
7;GENERALSKI STOL  ;8;0;0;0;0;0;0;0;0;0;0;0;0;0;0;;;;;;;;;;;;;;;;;;
7;JELENJE  ;9;0;0;0;0;0;0;0;0;0;0;0;0;0;0;;;;;;;;;;;;;;;;;;
7;JOSIPDOL  ;11;2;0;0;0;0;0;0;0;0;0;0;0;0;0;;;;;;;;;;;;;;;;;;
7;KAMANJE  ;3;0;0;0;0;0;0;0;0;0;0;0;0;0;0;;;;;;;;;;;;;;;;;;
7;KLANA  ;6;0;0;0;0;0;0;0;0;0;0;0;0;0;0;;;;;;;;;;;;;;;;;;
7;KLINÈA SELA  ;16;0;0;0;0;0;0;0;0;0;0;0;0;0;0;;;;;;;;;;;;;;;;;;
7;KRAŠIÆ  ;13;0;0;0;0;0;0;0;0;0;0;0;0;0;0;;;;;;;;;;;;;;;;;;
7;KRNJAK  ;5;0;0;0;0;0;0;0;0;0;0;0;0;0;0;;;;;;;;;;;;;;;;;;
7;LASINJA  ;6;0;0;0;0;0;0;0;0;0;0;0;0;0;0;;;;;;;;;;;;;;;;;;
7;LOKVE  ;1;0;0;0;0;0;0;0;0;0;0;0;0;0;0;;;;;;;;;;;;;;;;;;
7;MRKOPALJ  ;2;0;0;0;0;0;0;0;0;0;0;0;0;0;0;;;;;;;;;;;;;;;;;;
7;NETRETIÆ  ;17;0;0;0;0;0;0;0;0;0;0;0;0;0;0;;;;;;;;;;;;;;;;;;
7;PISAROVINA  ;10;0;0;0;0;0;0;0;0;0;0;0;0;0;0;;;;;;;;;;;;;;;;;;
7;PLAŠKI  ;3;0;0;0;0;0;0;0;0;0;0;0;0;0;0;;;;;;;;;;;;;;;;;;
7;RAKOVICA  ;5;0;0;0;0;0;0;0;0;0;0;0;0;0;0;;;;;;;;;;;;;;;;;;
7;RAVNA GORA  ;4;0;0;0;0;0;0;0;0;0;0;0;0;0;0;;;;;;;;;;;;;;;;;;
7;RIBNIK  ;4;0;0;0;0;0;0;0;0;0;0;0;0;0;0;;;;;;;;;;;;;;;;;;
7;SABORSKO  ;1;1;1;1;1;0;0;0;1;0;0;0;0;0;0;;;;;;;;;;;;;;;;;;
7;SKRAD  ;1;0;0;0;0;0;0;0;0;0;0;0;0;0;0;;;;;;;;;;;;;;;;;;
7;STUPNIK  ;3;0;0;0;0;0;0;0;0;0;0;0;0;0;0;;;;;;;;;;;;;;;;;;
7;TOUNJ  ;4;0;0;0;0;0;0;0;0;0;0;0;0;0;0;;;;;;;;;;;;;;;;;;
7;VINODOLSKA OPÆINA  ;5;0;0;0;0;0;0;0;0;0;0;0;0;0;0;;;;;;;;;;;;;;;;;;
7;VIŠKOVO  ;7;1;0;0;0;0;0;0;0;0;0;0;0;0;0;;;;;;;;;;;;;;;;;;
7;VOJNIÆ  ;12;1;0;0;0;0;0;0;0;0;0;0;0;0;0;;;;;;;;;;;;;;;;;;
7;ŽAKANJE  ;12;0;0;0;0;0;0;0;0;0;0;0;0;0;0;;;;;;;;;;;;;;;;;;
7;ŽUMBERAK  ;8;0;0;0;0;0;0;0;0;0;0;0;0;0;0;;;;;;;;;;;;;;;;;;
8;BUJE  ;8;3;0;0;0;0;0;0;0;0;0;0;0;0;0;;;;;;;;;;;;;;;;;;
8;BUZET  ;16;0;0;0;0;0;0;0;0;0;0;0;0;0;0;;;;;;;;;;;;;;;;;;
8;CRES  ;8;1;0;0;0;0;0;0;0;0;0;0;0;0;0;;;;;;;;;;;;;;;;;;
8;CRIKVENICA  ;9;5;0;0;0;0;0;0;0;0;0;0;0;0;0;;;;;;;;;;;;;;;;;;
8;KRALJEVICA  ;5;1;0;0;0;0;0;0;0;0;0;0;0;0;0;;;;;;;;;;;;;;;;;;
8;KRK  ;9;2;1;1;1;0;0;0;0;1;0;0;0;0;0;;;;;;;;;;;;;;;;;;
8;LABIN  ;16;2;2;2;2;0;0;0;1;0;0;1;0;0;0;;;;;;;;;;;;;;;;;;
8;MALI LOŠINJ  ;13;4;1;1;1;0;0;1;0;0;0;0;0;0;0;;;;;;;;;;;;;;;;;;
8;NOVIGRAD  ;3;3;0;0;0;0;0;0;0;0;0;0;0;0;0;;;;;;;;;;;;;;;;;;
8;OPATIJA  ;14;2;0;0;0;0;0;0;0;0;0;0;0;0;0;;;;;;;;;;;;;;;;;;
8;PAZIN  ;15;0;0;0;0;0;0;0;0;0;0;0;0;0;0;;;;;;;;;;;;;;;;;;
8;POREÈ  ;14;18;1;1;1;0;0;0;0;0;0;0;0;0;1;;;;;;;;;;;;;;;;;;
8;PULA  ;39;23;9;9;9;0;2;0;2;0;0;3;0;0;2;;;;;;;;;;;;;;;;;;
8;RAB  ;8;2;0;0;0;0;0;0;0;0;0;0;0;0;0;;;;;;;;;;;;;;;;;;
8;RIJEKA  ;96;75;36;35;35;0;0;1;22;2;1;7;0;0;2;;;;;;;;;;;;;;;;;;
8;ROVINJ  ;12;13;2;2;2;0;0;0;2;0;0;0;0;0;0;;;;;;;;;;;;;;;;;;
8;UMAG  ;11;8;2;2;2;0;0;0;2;0;0;0;0;0;0;;;;;;;;;;;;;;;;;;
8;VODNJAN  ;4;1;0;0;0;0;0;0;0;0;0;0;0;0;0;;;;;;;;;;;;;;;;;;
8;BALE  ;1;0;0;0;0;0;0;0;0;0;0;0;0;0;0;;;;;;;;;;;;;;;;;;
8;BARBAN  ;7;0;0;0;0;0;0;0;0;0;0;0;0;0;0;;;;;;;;;;;;;;;;;;
8;BAŠKA  ;4;2;0;0;0;0;0;0;0;0;0;0;0;0;0;;;;;;;;;;;;;;;;;;
8;BRTONIGLA  ;4;0;0;0;0;0;0;0;0;0;0;0;0;0;0;;;;;;;;;;;;;;;;;;
8;CEROVLJE  ;7;0;0;0;0;0;0;0;0;0;0;0;0;0;0;;;;;;;;;;;;;;;;;;
8;DOBRINJ  ;5;0;0;0;0;0;0;0;0;0;0;0;0;0;0;;;;;;;;;;;;;;;;;;
8;FAŽANA  ;2;2;0;0;0;0;0;0;0;0;0;0;0;0;0;;;;;;;;;;;;;;;;;;
8;FUNTANA  ;1;0;0;0;0;0;0;0;0;0;0;0;0;0;0;;;;;;;;;;;;;;;;;;
8;GRAÈIŠÆE  ;6;0;0;0;0;0;0;0;0;0;0;0;0;0;0;;;;;;;;;;;;;;;;;;
8;GROŽNJAN  ;2;0;0;0;0;0;0;0;0;0;0;0;0;0;0;;;;;;;;;;;;;;;;;;
8;KANFANAR  ;5;1;1;1;1;0;1;0;0;0;0;0;0;0;0;;;;;;;;;;;;;;;;;;
8;KAROJBA  ;4;0;0;0;0;0;0;0;0;0;0;0;0;0;0;;;;;;;;;;;;;;;;;;
8;KAŠTELIR - LABINCI  ;2;1;0;0;0;0;0;0;0;0;0;0;0;0;0;;;;;;;;;;;;;;;;;;
8;KOSTRENA  ;3;1;0;0;0;0;0;0;0;0;0;0;0;0;0;;;;;;;;;;;;;;;;;;
8;KRŠAN  ;8;0;0;0;0;0;0;0;0;0;0;0;0;0;0;;;;;;;;;;;;;;;;;;
8;LANIŠÆE  ;5;0;0;0;0;0;0;0;0;0;0;0;0;0;0;;;;;;;;;;;;;;;;;;
8;LIŽNJAN  ;5;1;1;1;1;0;0;0;1;0;0;0;0;0;0;;;;;;;;;;;;;;;;;;
8;LOPAR  ;1;0;0;0;0;0;0;0;0;0;0;0;0;0;0;;;;;;;;;;;;;;;;;;
8;LOVRAN  ;6;1;0;0;0;0;0;0;0;0;0;0;0;0;0;;;;;;;;;;;;;;;;;;
8;LUPOGLAV  ;8;2;2;2;2;0;0;0;0;0;1;0;0;0;1;;;;;;;;;;;;;;;;;;
8;MALINSKA-DUBAŠNICA  ;5;5;2;2;2;0;2;0;0;0;0;0;0;0;0;;;;;;;;;;;;;;;;;;
8;MARÈANA  ;12;0;0;0;0;0;0;0;0;0;0;0;0;0;0;;;;;;;;;;;;;;;;;;
8;MATULJI  ;20;3;0;0;0;0;0;0;0;0;0;0;0;0;0;;;;;;;;;;;;;;;;;;
8;MEDULIN  ;6;3;0;0;0;0;0;0;0;0;0;0;0;0;0;;;;;;;;;;;;;;;;;;
8;MOŠÆENIÈKA DRAGA  ;3;1;0;0;0;0;0;0;0;0;0;0;0;0;0;;;;;;;;;;;;;;;;;;
8;MOTOVUN  ;4;0;0;0;0;0;0;0;0;0;0;0;0;0;0;;;;;;;;;;;;;;;;;;
8;OMIŠALJ  ;4;2;1;1;1;0;1;0;0;0;0;0;0;0;0;;;;;;;;;;;;;;;;;;
8;OPRTALJ  ;2;0;0;0;0;0;0;0;0;0;0;0;0;0;0;;;;;;;;;;;;;;;;;;
8;PIÆAN  ;5;0;0;0;0;0;0;0;0;0;0;0;0;0;0;;;;;;;;;;;;;;;;;;
8;PUNAT  ;3;2;0;0;0;0;0;0;0;0;0;0;0;0;0;;;;;;;;;;;;;;;;;;
8;RAŠA  ;8;0;0;0;0;0;0;0;0;0;0;0;0;0;0;;;;;;;;;;;;;;;;;;
8;SVETA NEDELJA  ;6;0;0;0;0;0;0;0;0;0;0;0;0;0;0;;;;;;;;;;;;;;;;;;
8;SVETI LOVREÈ  ;2;0;0;0;0;0;0;0;0;0;0;0;0;0;0;;;;;;;;;;;;;;;;;;
8;SVETI PETAR U ŠUMI  ;1;0;0;0;0;0;0;0;0;0;0;0;0;0;0;;;;;;;;;;;;;;;;;;
8;SVETVINÈENAT  ;8;0;0;0;0;0;0;0;0;0;0;0;0;0;0;;;;;;;;;;;;;;;;;;
8;TAR-VABRIGA  ;2;1;0;0;0;0;0;0;0;0;0;0;0;0;0;;;;;;;;;;;;;;;;;;
8;TINJAN  ;3;0;0;0;0;0;0;0;0;0;0;0;0;0;0;;;;;;;;;;;;;;;;;;
8;VIŠNJAN  ;5;1;0;0;0;0;0;0;0;0;0;0;0;0;0;;;;;;;;;;;;;;;;;;
8;VIŽINADA  ;2;0;0;0;0;0;0;0;0;0;0;0;0;0;0;;;;;;;;;;;;;;;;;;
8;VRBNIK  ;3;0;0;0;0;0;0;0;0;0;0;0;0;0;0;;;;;;;;;;;;;;;;;;
8;VRSAR  ;2;1;1;1;1;0;1;0;0;0;0;0;0;0;0;;;;;;;;;;;;;;;;;;
8;ŽMINJ  ;4;0;0;0;0;0;0;0;0;0;0;0;0;0;0;;;;;;;;;;;;;;;;;;
9;BENKOVAC  ;28;0;0;0;0;0;0;0;0;0;0;0;0;0;0;;;;;;;;;;;;;;;;;;
9;BIOGRAD NA MORU  ;4;0;0;0;0;0;0;0;0;0;0;0;0;0;0;;;;;;;;;;;;;;;;;;
9;DRNIŠ  ;25;1;0;0;0;0;0;0;0;0;0;0;0;0;0;;;;;;;;;;;;;;;;;;
9;GOSPIÆ  ;29;2;0;0;0;0;0;0;0;0;0;0;0;0;0;;;;;;;;;;;;;;;;;;
9;KAŠTELA  ;18;10;4;4;4;0;0;0;2;0;1;1;0;0;0;;;;;;;;;;;;;;;;;;
9;KNIN  ;15;1;1;1;1;0;0;0;1;0;0;0;0;0;0;;;;;;;;;;;;;;;;;;
9;NIN  ;6;1;0;0;0;0;0;0;0;0;0;0;0;0;0;;;;;;;;;;;;;;;;;;
9;NOVALJA  ;8;1;0;0;0;0;0;0;0;0;0;0;0;0;0;;;;;;;;;;;;;;;;;;
9;OBROVAC  ;6;2;1;1;1;0;1;0;0;0;0;0;0;0;0;;;;;;;;;;;;;;;;;;
9;OTOÈAC  ;20;1;0;0;0;0;0;0;0;0;0;0;0;0;0;;;;;;;;;;;;;;;;;;
9;PAG  ;7;1;0;0;0;0;0;0;0;0;0;0;0;0;0;;;;;;;;;;;;;;;;;;
9;SENJ  ;9;1;0;0;0;0;0;0;0;0;0;0;0;0;0;;;;;;;;;;;;;;;;;;
9;SINJ  ;23;2;1;1;1;0;0;0;1;0;0;0;0;0;0;;;;;;;;;;;;;;;;;;
9;SKRADIN  ;11;1;0;0;0;0;0;0;0;0;0;0;0;0;0;;;;;;;;;;;;;;;;;;
9;ŠIBENIK  ;79;10;0;0;0;0;0;0;0;0;0;0;0;0;0;;;;;;;;;;;;;;;;;;
9;TRILJ  ;22;1;0;0;0;0;0;0;0;0;0;0;0;0;0;;;;;;;;;;;;;;;;;;
9;TROGIR  ;18;2;0;0;0;0;0;0;0;0;0;0;0;0;0;;;;;;;;;;;;;;;;;;
9;VODICE  ;11;5;0;0;0;0;0;0;0;0;0;0;0;0;0;;;;;;;;;;;;;;;;;;
9;VRLIKA  ;8;0;0;0;0;0;0;0;0;0;0;0;0;0;0;;;;;;;;;;;;;;;;;;
9;ZADAR  ;68;19;5;5;5;0;0;0;1;0;1;3;0;0;0;;;;;;;;;;;;;;;;;;
9;BIBINJE  ;2;2;0;0;0;0;0;0;0;0;0;0;0;0;0;;;;;;;;;;;;;;;;;;
9;BILICE  ;2;0;0;0;0;0;0;0;0;0;0;0;0;0;0;;;;;;;;;;;;;;;;;;
9;BISKUPIJA  ;6;0;0;0;0;0;0;0;0;0;0;0;0;0;0;;;;;;;;;;;;;;;;;;
9;BRINJE  ;10;1;1;1;1;0;0;0;1;0;0;0;0;0;0;;;;;;;;;;;;;;;;;;
9;CIVLJANE  ;3;0;0;0;0;0;0;0;0;0;0;0;0;0;0;;;;;;;;;;;;;;;;;;
9;DICMO  ;5;0;0;0;0;0;0;0;0;0;0;0;0;0;0;;;;;;;;;;;;;;;;;;
9;DONJI LAPAC  ;4;0;0;0;0;0;0;0;0;0;0;0;0;0;0;;;;;;;;;;;;;;;;;;
9;DUGOPOLJE  ;6;0;0;0;0;0;0;0;0;0;0;0;0;0;0;;;;;;;;;;;;;;;;;;
9;ERVENIK  ;5;0;0;0;0;0;0;0;0;0;0;0;0;0;0;;;;;;;;;;;;;;;;;;
9;GALOVAC  ;1;0;0;0;0;0;0;0;0;0;0;0;0;0;0;;;;;;;;;;;;;;;;;;
9;GRAÈAC  ;5;0;0;0;0;0;0;0;0;0;0;0;0;0;0;;;;;;;;;;;;;;;;;;
9;HRVACE  ;8;0;0;0;0;0;0;0;0;0;0;0;0;0;0;;;;;;;;;;;;;;;;;;
9;JASENICE  ;3;0;0;0;0;0;0;0;0;0;0;0;0;0;0;;;;;;;;;;;;;;;;;;
9;KALI  ;1;0;0;0;0;0;0;0;0;0;0;0;0;0;0;;;;;;;;;;;;;;;;;;
9;KARLOBAG  ;4;1;0;0;0;0;0;0;0;0;0;0;0;0;0;;;;;;;;;;;;;;;;;;
9;KIJEVO  ;2;0;0;0;0;0;0;0;0;0;0;0;0;0;0;;;;;;;;;;;;;;;;;;
9;KISTANJE  ;6;0;0;0;0;0;0;0;0;0;0;0;0;0;0;;;;;;;;;;;;;;;;;;
9;KLIS  ;14;0;0;0;0;0;0;0;0;0;0;0;0;0;0;;;;;;;;;;;;;;;;;;
9;KOLAN  ;1;0;0;0;0;0;0;0;0;0;0;0;0;0;0;;;;;;;;;;;;;;;;;;
9;KUKLJICA  ;1;0;0;0;0;0;0;0;0;0;0;0;0;0;0;;;;;;;;;;;;;;;;;;
9;LEÆEVICA  ;4;0;0;0;0;0;0;0;0;0;0;0;0;0;0;;;;;;;;;;;;;;;;;;
9;LIŠANE OSTROVIÈKE  ;3;0;0;0;0;0;0;0;0;0;0;0;0;0;0;;;;;;;;;;;;;;;;;;
9;LOVINAC  ;5;0;0;0;0;0;0;0;0;0;0;0;0;0;0;;;;;;;;;;;;;;;;;;
9;MARINA  ;16;2;0;0;0;0;0;0;0;0;0;0;0;0;0;;;;;;;;;;;;;;;;;;
9;MUÆ  ;15;0;0;0;0;0;0;0;0;0;0;0;0;0;0;;;;;;;;;;;;;;;;;;
9;MURTER-KORNATI  ;3;0;0;0;0;0;0;0;0;0;0;0;0;0;0;;;;;;;;;;;;;;;;;;
9;NOVIGRAD  ;3;1;0;0;0;0;0;0;0;0;0;0;0;0;0;;;;;;;;;;;;;;;;;;
9;OKRUG  ;4;2;0;0;0;0;0;0;0;0;0;0;0;0;0;;;;;;;;;;;;;;;;;;
9;OTOK  ;5;1;0;0;0;0;0;0;0;0;0;0;0;0;0;;;;;;;;;;;;;;;;;;
9;PAKOŠTANE  ;5;1;0;0;0;0;0;0;0;0;0;0;0;0;0;;;;;;;;;;;;;;;;;;
9;PAŠMAN  ;8;0;0;0;0;0;0;0;0;0;0;0;0;0;0;;;;;;;;;;;;;;;;;;
9;PERUŠIÆ  ;14;0;0;0;0;0;0;0;0;0;0;0;0;0;0;;;;;;;;;;;;;;;;;;
9;PIROVAC  ;5;0;0;0;0;0;0;0;0;0;0;0;0;0;0;;;;;;;;;;;;;;;;;;
9;PLITVIÈKA JEZERA  ;7;0;0;0;0;0;0;0;0;0;0;0;0;0;0;;;;;;;;;;;;;;;;;;
9;POLAÈA  ;2;0;0;0;0;0;0;0;0;0;0;0;0;0;0;;;;;;;;;;;;;;;;;;
9;POLIÈNIK  ;10;0;0;0;0;0;0;0;0;0;0;0;0;0;0;;;;;;;;;;;;;;;;;;
9;POSEDARJE  ;8;0;0;0;0;0;0;0;0;0;0;0;0;0;0;;;;;;;;;;;;;;;;;;
9;POVLJANA  ;1;0;0;0;0;0;0;0;0;0;0;0;0;0;0;;;;;;;;;;;;;;;;;;
9;PREKO  ;8;0;0;0;0;0;0;0;0;0;0;0;0;0;0;;;;;;;;;;;;;;;;;;
9;PRGOMET  ;5;0;0;0;0;0;0;0;0;0;0;0;0;0;0;;;;;;;;;;;;;;;;;;
9;PRIMORSKI DOLAC  ;1;0;0;0;0;0;0;0;0;0;0;0;0;0;0;;;;;;;;;;;;;;;;;;
9;PRIMOŠTEN  ;4;1;0;0;0;0;0;0;0;0;0;0;0;0;0;;;;;;;;;;;;;;;;;;
9;PRIVLAKA  ;2;1;0;0;0;0;0;0;0;0;0;0;0;0;0;;;;;;;;;;;;;;;;;;
9;PROMINA  ;5;0;0;0;0;0;0;0;0;0;0;0;0;0;0;;;;;;;;;;;;;;;;;;
9;RAŽANAC  ;8;0;0;0;0;0;0;0;0;0;0;0;0;0;0;;;;;;;;;;;;;;;;;;
9;ROGOZNICA  ;7;0;0;0;0;0;0;0;0;0;0;0;0;0;0;;;;;;;;;;;;;;;;;;
9;RUŽIÆ  ;4;0;0;0;0;0;0;0;0;0;0;0;0;0;0;;;;;;;;;;;;;;;;;;
9;SALI  ;12;1;0;0;0;0;0;0;0;0;0;0;0;0;0;;;;;;;;;;;;;;;;;;
9;SEGET  ;7;2;0;0;0;0;0;0;0;0;0;0;0;0;0;;;;;;;;;;;;;;;;;;
9;STANKOVCI  ;6;0;0;0;0;0;0;0;0;0;0;0;0;0;0;;;;;;;;;;;;;;;;;;
9;STARIGRAD  ;3;0;0;0;0;0;0;0;0;0;0;0;0;0;0;;;;;;;;;;;;;;;;;;
9;SUKOŠAN  ;5;0;0;0;0;0;0;0;0;0;0;0;0;0;0;;;;;;;;;;;;;;;;;;
9;SVETI FILIP I JAKOV  ;7;0;0;0;0;0;0;0;0;0;0;0;0;0;0;;;;;;;;;;;;;;;;;;
9;ŠKABRNJA  ;2;0;0;0;0;0;0;0;0;0;0;0;0;0;0;;;;;;;;;;;;;;;;;;
9;TISNO  ;6;1;1;1;1;0;1;0;0;0;0;0;0;0;0;;;;;;;;;;;;;;;;;;
9;TKON  ;2;0;0;0;0;0;0;0;0;0;0;0;0;0;0;;;;;;;;;;;;;;;;;;
9;TRIBUNJ  ;3;1;0;0;0;0;0;0;0;0;0;0;0;0;0;;;;;;;;;;;;;;;;;;
9;UDBINA  ;4;1;0;0;0;0;0;0;0;0;0;0;0;0;0;;;;;;;;;;;;;;;;;;
9;UNEŠIÆ  ;11;0;0;0;0;0;0;0;0;0;0;0;0;0;0;;;;;;;;;;;;;;;;;;
9;VIR  ;1;4;0;0;0;0;0;0;0;0;0;0;0;0;0;;;;;;;;;;;;;;;;;;
9;VRHOVINE  ;7;0;0;0;0;0;0;0;0;0;0;0;0;0;0;;;;;;;;;;;;;;;;;;
9;VRSI  ;2;0;0;0;0;0;0;0;0;0;0;0;0;0;0;;;;;;;;;;;;;;;;;;
9;ZEMUNIK DONJI  ;2;0;0;0;0;0;0;0;0;0;0;0;0;0;0;;;;;;;;;;;;;;;;;;
10;DUBROVNIK  ;58;11;1;1;1;0;1;0;0;0;0;0;0;0;0;;;;;;;;;;;;;;;;;;
10;HVAR  ;9;1;0;0;0;0;0;0;0;0;0;0;0;0;0;;;;;;;;;;;;;;;;;;
10;IMOTSKI  ;16;0;0;0;0;0;0;0;0;0;0;0;0;0;0;;;;;;;;;;;;;;;;;;
10;KOMIŽA  ;3;2;1;1;1;0;0;0;0;0;0;1;0;0;0;;;;;;;;;;;;;;;;;;
10;KORÈULA  ;10;0;0;0;0;0;0;0;0;0;0;0;0;0;0;;;;;;;;;;;;;;;;;;
10;MAKARSKA  ;7;1;0;0;0;0;0;0;0;0;0;0;0;0;0;;;;;;;;;;;;;;;;;;
10;METKOVIÆ  ;13;0;0;0;0;0;0;0;0;0;0;0;0;0;0;;;;;;;;;;;;;;;;;;
10;OMIŠ  ;43;3;2;2;2;0;0;0;1;0;0;1;0;0;0;;;;;;;;;;;;;;;;;;
10;OPUZEN  ;5;0;0;0;0;0;0;0;0;0;0;0;0;0;0;;;;;;;;;;;;;;;;;;
10;PLOÈE  ;15;2;0;0;0;0;0;0;0;0;0;0;0;0;0;;;;;;;;;;;;;;;;;;
10;SOLIN  ;18;2;1;1;1;0;0;0;1;0;0;0;0;0;0;;;;;;;;;;;;;;;;;;
10;SPLIT  ;161;41;6;6;5;1;0;1;3;0;1;0;0;0;0;;;;;;;;;;;;;;;;;;
10;STARI GRAD  ;5;0;0;0;0;0;0;0;0;0;0;0;0;0;0;;;;;;;;;;;;;;;;;;
10;SUPETAR  ;6;0;0;0;0;0;0;0;0;0;0;0;0;0;0;;;;;;;;;;;;;;;;;;
10;VIS  ;5;1;0;0;0;0;0;0;0;0;0;0;0;0;0;;;;;;;;;;;;;;;;;;
10;VRGORAC  ;27;0;0;0;0;0;0;0;0;0;0;0;0;0;0;;;;;;;;;;;;;;;;;;
10;BAŠKA VODA  ;5;0;0;0;0;0;0;0;0;0;0;0;0;0;0;;;;;;;;;;;;;;;;;;
10;BLATO  ;4;0;0;0;0;0;0;0;0;0;0;0;0;0;0;;;;;;;;;;;;;;;;;;
10;BOL  ;3;0;0;0;0;0;0;0;0;0;0;0;0;0;0;;;;;;;;;;;;;;;;;;
10;BRELA  ;2;0;0;0;0;0;0;0;0;0;0;0;0;0;0;;;;;;;;;;;;;;;;;;
10;CISTA PROVO  ;7;0;0;0;0;0;0;0;0;0;0;0;0;0;0;;;;;;;;;;;;;;;;;;
10;DUBROVAÈKO PRIMORJE  ;18;0;0;0;0;0;0;0;0;0;0;0;0;0;0;;;;;;;;;;;;;;;;;;
10;DUGI RAT  ;7;2;2;2;2;0;0;0;1;0;0;1;0;0;0;;;;;;;;;;;;;;;;;;
10;GRADAC  ;5;1;0;0;0;0;0;0;0;0;0;0;0;0;0;;;;;;;;;;;;;;;;;;
10;JANJINA  ;3;0;0;0;0;0;0;0;0;0;0;0;0;0;0;;;;;;;;;;;;;;;;;;
10;JELSA  ;10;0;0;0;0;0;0;0;0;0;0;0;0;0;0;;;;;;;;;;;;;;;;;;
10;KONAVLE  ;28;3;3;3;3;0;1;0;0;0;0;2;0;0;0;;;;;;;;;;;;;;;;;;
10;KULA NORINSKA  ;7;0;0;0;0;0;0;0;0;0;0;0;0;0;0;;;;;;;;;;;;;;;;;;
10;LASTOVO  ;3;0;0;0;0;0;0;0;0;0;0;0;0;0;0;;;;;;;;;;;;;;;;;;
10;LOKVIÈIÆI  ;5;0;0;0;0;0;0;0;0;0;0;0;0;0;0;;;;;;;;;;;;;;;;;;
10;LOVREÆ  ;5;0;0;0;0;0;0;0;0;0;0;0;0;0;0;;;;;;;;;;;;;;;;;;
10;LUMBARDA  ;3;0;0;0;0;0;0;0;0;0;0;0;0;0;0;;;;;;;;;;;;;;;;;;
10;MILNA  ;2;0;0;0;0;0;0;0;0;0;0;0;0;0;0;;;;;;;;;;;;;;;;;;
10;MLJET  ;9;1;0;0;0;0;0;0;0;0;0;0;0;0;0;;;;;;;;;;;;;;;;;;
10;NEREŽIŠÆA  ;3;0;0;0;0;0;0;0;0;0;0;0;0;0;0;;;;;;;;;;;;;;;;;;
10;OREBIÆ  ;13;1;0;0;0;0;0;0;0;0;0;0;0;0;0;;;;;;;;;;;;;;;;;;
10;PODBABLJE  ;8;0;0;0;0;0;0;0;0;0;0;0;0;0;0;;;;;;;;;;;;;;;;;;
10;PODGORA  ;4;1;0;0;0;0;0;0;0;0;0;0;0;0;0;;;;;;;;;;;;;;;;;;
10;PODSTRANA  ;5;1;0;0;0;0;0;0;0;0;0;0;0;0;0;;;;;;;;;;;;;;;;;;
10;POJEZERJE  ;5;0;0;0;0;0;0;0;0;0;0;0;0;0;0;;;;;;;;;;;;;;;;;;
10;POSTIRA  ;2;0;0;0;0;0;0;0;0;0;0;0;0;0;0;;;;;;;;;;;;;;;;;;
10;PROLOŽAC  ;9;0;0;0;0;0;0;0;0;0;0;0;0;0;0;;;;;;;;;;;;;;;;;;
10;PUÈIŠÆA  ;3;0;0;0;0;0;0;0;0;0;0;0;0;0;0;;;;;;;;;;;;;;;;;;
10;RUNOVIÆI  ;8;0;0;0;0;0;0;0;0;0;0;0;0;0;0;;;;;;;;;;;;;;;;;;
10;SELCA  ;5;0;0;0;0;0;0;0;0;0;0;0;0;0;0;;;;;;;;;;;;;;;;;;
10;SLIVNO  ;10;0;0;0;0;0;0;0;0;0;0;0;0;0;0;;;;;;;;;;;;;;;;;;
10;SMOKVICA  ;2;0;0;0;0;0;0;0;0;0;0;0;0;0;0;;;;;;;;;;;;;;;;;;
10;STON  ;17;0;0;0;0;0;0;0;0;0;0;0;0;0;0;;;;;;;;;;;;;;;;;;
10;SUÆURAJ  ;2;0;0;0;0;0;0;0;0;0;0;0;0;0;0;;;;;;;;;;;;;;;;;;
10;SUTIVAN  ;1;0;0;0;0;0;0;0;0;0;0;0;0;0;0;;;;;;;;;;;;;;;;;;
10;ŠESTANOVAC  ;10;0;0;0;0;0;0;0;0;0;0;0;0;0;0;;;;;;;;;;;;;;;;;;
10;ŠOLTA  ;8;1;0;0;0;0;0;0;0;0;0;0;0;0;0;;;;;;;;;;;;;;;;;;
10;TRPANJ  ;4;0;0;0;0;0;0;0;0;0;0;0;0;0;0;;;;;;;;;;;;;;;;;;
10;TUÈEPI  ;2;0;0;0;0;0;0;0;0;0;0;0;0;0;0;;;;;;;;;;;;;;;;;;
10;VELA LUKA  ;4;0;0;0;0;0;0;0;0;0;0;0;0;0;0;;;;;;;;;;;;;;;;;;
10;ZADVARJE  ;2;0;0;0;0;0;0;0;0;0;0;0;0;0;0;;;;;;;;;;;;;;;;;;
10;ZAGVOZD  ;8;0;0;0;0;0;0;0;0;0;0;0;0;0;0;;;;;;;;;;;;;;;;;;
10;ZAŽABLJE  ;5;0;0;0;0;0;0;0;0;0;0;0;0;0;0;;;;;;;;;;;;;;;;;;
10;ZMIJAVCI  ;5;0;0;0;0;0;0;0;0;0;0;0;0;0;0;;;;;;;;;;;;;;;;;;
10;ŽUPA DUBROVAÈKA  ;7;3;0;0;0;0;0;0;0;0;0;0;0;0;0;;;;;;;;;;;;;;;;;;
;UKUPNO;6550;6266;2661;2653;2617;36;678;104;682;424;71;281;64;6;307;;;;;;;;;;;;;;;;;;
