Rbr IJ;Naziv izborne jedinice;Rbr.županije;Županija;Oznaka Gr/Op/Dr;Grad/opæina/država;Rbr BM;Naziv BM;Lokacija BM;Adresa BM;Ukupno biraèa;Glasovalo biraèa;Glasovalo biraèa (po listiæima);Važeæi listiæi;Nevažeæi listiæi;AUTOHTONA - HRVATSKA STRANKA PRAVA - A - HSP;DARKO TOLIÆ;BOŽO POSAVAC;ANTONIJA RADOŠ;ZORAN IVIÆ;GORAN KINDA;DANIJEL GLAVINA;BOŽE ŠKARO;DRAGOSLAV MATOŠEVIÆ;"""BANDIÆ MILAN 365 - STRANKA RADA I SOLIDARNOSTI"" - ""STRANKA RADA I SOLIDARNOSTI"", NARODNA STRANKA - REFORMISTI - REFORMISTI, NOVI VAL - STRANKA RAZVOJA - NOVI VAL, HRVATSKA SELJAÈKA STRANKA - STJEPAN RADIÆ - HSS - SR, BLOK UMIROVLJENICI ZAJEDNO - BUZ";MIROSLAV BLAŽEVIÆ;IVANA BUNTIÆ, mag. iur.;prof. dr. sc. GRGO LUBURIÆ;IVICA DŽAMBAS;MARIJA ANTIÆ;KRISTINA MARIJANOVIÆ, dr. med.;NIKOLINA KOVAÈIÆ;IVANA BANDIÆ;BOŠKO MASLAÆ;dr. sc. DRAGAN KOVAÈEVIÆ, dipl. oec.;ILIJA ŠAHINOVIÆ, mag. ing. agr.;SVJETLANA JURIŠIÆ, dipl. ing. prom.;IRENA MADŽAREVIÆ, dipl. polit.;MARIJO PEJIÆ, prof.;HRVATSKA STRANKA PRAVA - HSP, HRVATSKA ÈISTA STRANKA PRAVA - HÈSP, AKCIJA ZA BOLJU HRVATSKU - ABH, OBITELJSKA STRANKA - OS;IVAN LOZO;JOZO RADOŠ, roð. 1962.;ZORAN PRLIÆ;MARKO JONJIÆ;IVICA VLADAVA;DUŠAN ROGULJIÆ;DAMIR STANILOVIÆ;MARIO KOVAÈ;DEAN SIMÈIÆ;DRAGAN HIDANOVIÆ;MARIN ÈIÈEK;HRVOJE JURÈEVIÆ;IVICA KUTLEŠA;GRGO JELAVIÆ-MITROVIÆ;HRVATSKA STRANKA PRAVA DR. ANTE STARÈEVIÆ - HSP AS, HRVATSKA KRŠÆANSKA DEMOKRATSKA UNIJA - DR. MARKO VESELICA - HKDU - DR. MARKO VESELICA, DEMOKRATSKI SAVEZ NACIONALNE OBNOVE - DESNO, UJEDINJENA STRANKA PRAVA - USP, HRVATSKA DEMOKRATSKA STRANKA - HDS;ROMEO PAVLIÆ;DOMINIK VALIDŽIÆ;MARIO BREŠIÆ;ANDRIJANA IVIÆ;ŽELJKO ÐAPIÆ;JASNA RADIÆ, dipl. ing. arh.;MONIKA BOBINAC FILIPÈIÆ, dipl. oec.;MOST NEZAVISNIH LISTA - MOST;GORDAN GRGURIÆ;ROBERT POSTAJ;ZRINKO AMERL;IVANA MEDIÆ;ANTE ÈIKOTIÆ;IVANA ŠUNJIÆ;MATO PETRUŠIÆ;BARBARA TRŠINSKI VEVEREC;MIRKO SOLDO;IVANA ÐOJIÆ;IVAN DOMAGOJ DRMIÆ;MARINA VUICA;IVANKA KROLO;IVICA RELKOVIÆ;PAMETNO, ZA GRAD;dr. sc. JERKO MARKOVINA;dr. sc. ŽELJKO POROBIJA;LANA IVIÈIÆ;dr. sc. IGOR ARAMBAŠIÆ;IVANA MARŠIÆ;JULIJA REGNER;MARKO VUKUŠIÆ;AKCIJA MLADIH;VJEKOSLAV RUBEŠA, mag. oec.;VLADO VRGOÈ;SANJA SLAVIÆ;FILIP ŠUŠNJAR;SANJA FRANKOLA JEDREJÈIÆ;ANDREJ STARÈEVIÆ;ANET TROPE;BRANITELJSKO DOMOLJUBNA STRANKA HRVATSKE - BDSH;NADA DORIÆ;ZDENKA OREÈ;IVAN LOZAR;ŽELJKO NOVAKOVIÆ;VIŠNJA NOVAKOVIÆ;MARKO NIKIÆ;HEIKO SUDAR;TIBOR TRSTENJAK;PETRA KUROLT;DEMOKRATSKA STRANKA ŽENA - DSŽ;ANTUN RADELJAK;NEVENKA RAMIÆ;NENAD GRMOVŠEK;BORISLAV JELINÈIÆ;MIRA NINIÆ;MARIJA BAŠIÆ;HRVATSKA DEMOKRATSKA ZAJEDNICA - HDZ;dr. sc. BOŽO LJUBIÆ;ŽELJKO RAGUŽ;dr. sc. VJEKOSLAV JELEÈ;DAVOR ÈORDAŠ;DANIEL GLUNÈIÆ;DRAGAN KONTA;mr. sc. IVANKA MAÐAR-ŠIMIÆ;RUŽICA ŠAPINA;MIROSLAV PIPLICA;ANKICA GUDELJEVIÆ;DARIO ŠPANOVIÆ;IVANKA BARIÆ;dr. sc. GORAN ÈOGELJA;MIRO GRABOVAC;HRVATSKA NARODNA STRANKA - LIBERALNI DEMOKRATI - HNS, HRVATSKA STRANKA UMIROVLJENIKA - HSU;JOZO TOMIÆ;ANDREA BREKALO;NINOSLAV SUŠILOVIÆ;KRASNODAR VASIÆ;JOZO RADOŠ, roð. 1956.;ANÐA KRIŽANAC;MLADEN BELICZA;VESNA ROJE;MIRA PEJIÆ;ZRENKA BOJÈIÆ;PETAR LACIÆ;HRVATSKA STRANKA REDA - HSR;mr. sc. DRAŽEN KATIÆ, dipl. ing.;DIJANA VOGRINC;MIRKO PAULIÆ;ANTONIO PELIVAN;FAHRETA AHMETOVIÆ;MATO MATANOVIÆ;NEOVISNA LISTA - ŽELJKO GLASNOVIÆ;ŽELJKO GLASNOVIÆ;ILIJA CVITANOVIÆ;PERO BARBARIÆ;VESNA PINJUH;ANTE ZOVKO;MIRJANA LJUBIÆ;prof. dr. sc. IVAN DRAGIÈEVIÆ;MLADENKA PERKOVIÆ;SPOMENKA ŠIMOVIÆ;ŽELJKO KOROMAN;NEZAVISNA LISTA STIPE PETRINA - NLSP, SLOBODNA HRVATSKA - SH, POKRET ZAJEDNO, ODRŽIVI RAZVOJ HRVATSKE - ORaH;ANDREJ FERDINAND NOVAK;VJERAN PREZELJ;ŽELJKO IVANIŠEVIÆ;DIJANA SEDLAR;IVAN GUINA;ŽELJKA MARŠANIÆ HIDANOVIÆ;MIHAELA VOLENIK
011;XI. IZBORNA JEDINICA;;inozemstvo;država;AFGANISTAN;001;biraèko mjesto broj 1 - MAZAR-E-SHARIF;CAMP MARMAL, MAZAR-E-SHARIF, AFGANISTAN;CAMP MARMAL, MAZAR-E-SHARIF, AFGANISTAN;0;0;0;0;0;0;0;0;0;0;0;0;0;0;0;0;0;0;0;0;0;0;0;0;0;0;0;0;0;0;0;0;0;0;0;0;0;0;0;0;0;0;0;0;0;0;0;0;0;0;0;0;0;0;0;0;0;0;0;0;0;0;0;0;0;0;0;0;0;0;0;0;0;0;0;0;0;0;0;0;0;0;0;0;0;0;0;0;0;0;0;0;0;0;0;0;0;0;0;0;0;0;0;0;0;0;0;0;0;0;0;0;0;0;0;0;0;0;0;0;0;0;0;0;0;0;0;0;0;0;0;0;0;0;0;0;0;0;0;0;0;0;0;0;0;0;0;0;0;0;0;0;0
011;XI. IZBORNA JEDINICA;;inozemstvo;država;AFGANISTAN;002;biraèko mjesto broj 2 - KABUL;CAMP GIBSON, KABUL, AFGANISTAN;CAMP GIBSON, KABUL, AFGANISTAN;0;0;0;0;0;0;0;0;0;0;0;0;0;0;0;0;0;0;0;0;0;0;0;0;0;0;0;0;0;0;0;0;0;0;0;0;0;0;0;0;0;0;0;0;0;0;0;0;0;0;0;0;0;0;0;0;0;0;0;0;0;0;0;0;0;0;0;0;0;0;0;0;0;0;0;0;0;0;0;0;0;0;0;0;0;0;0;0;0;0;0;0;0;0;0;0;0;0;0;0;0;0;0;0;0;0;0;0;0;0;0;0;0;0;0;0;0;0;0;0;0;0;0;0;0;0;0;0;0;0;0;0;0;0;0;0;0;0;0;0;0;0;0;0;0;0;0;0;0;0;0;0;0
011;XI. IZBORNA JEDINICA;;inozemstvo;država;ALBANIJA;001;biraèko mjesto broj 1 - TIRANA;VELEPOSLANSTVO REPUBLIKE HRVATSKE U REPUBLICI ALBANIJI;RRUGA GJENERAL NIKOLS, KATI 7, SHTËPIA E BARDHË, TIRANË, ALBANIJA;4;4;4;4;0;0;0;0;0;0;0;0;0;0;0;0;0;0;0;0;0;0;0;0;0;0;0;0;0;0;0;0;0;0;0;0;0;0;0;0;0;0;0;0;1;1;0;0;0;0;0;0;1;0;0;0;0;0;0;0;0;0;0;0;0;0;0;0;0;0;0;0;0;0;0;0;0;0;0;0;0;0;0;0;0;0;0;0;0;0;0;0;0;0;0;0;0;0;0;0;2;1;0;0;0;0;0;0;0;0;0;0;1;0;0;0;0;0;0;0;0;0;0;0;0;0;0;0;0;0;0;0;0;0;0;0;0;0;0;0;0;0;0;0;0;0;0;0;0;0;0;0;0
011;XI. IZBORNA JEDINICA;;inozemstvo;država;ALŽIR;001;biraèko mjesto broj 1 - ALŽIR;VELEPOSLANSTVO REPUBLIKE HRVATSKE U ALŽIRSKOJ NARODNOJ DEMOKRATSKOJ REPUBLICI;26. BIS, RUE HADJ AHMED MOHAMED-HYDRA 16035 ALGERIE, ALŽIR;4;4;4;4;0;0;0;0;0;0;0;0;0;0;0;0;0;0;0;0;0;0;0;0;0;0;0;0;0;0;0;0;0;0;0;0;0;0;0;0;0;0;0;0;0;0;0;0;0;0;0;0;1;1;0;0;0;0;0;0;0;0;0;0;0;0;0;1;0;0;0;0;0;0;0;1;0;1;0;0;0;0;0;0;0;0;0;0;0;0;0;0;0;1;0;1;0;0;0;0;0;0;0;0;0;0;0;0;0;0;0;0;0;0;0;0;0;0;0;0;0;0;0;0;0;0;0;0;0;0;0;0;0;0;0;0;0;0;0;0;0;0;0;0;0;0;0;0;0;0;0;0;0
011;XI. IZBORNA JEDINICA;;inozemstvo;država;ARGENTINA;001;biraèko mjesto broj 1 - BUENOS AIRES;VELEPOSLANSTVO REPUBLIKE HRVATSKE U ARGENTINSKOJ REPUBLICI;GOROSTIAGA 2104, 1426 BUENOS AIRES, ARGENTINA;132;132;132;130;2;1;0;0;0;1;0;0;0;0;0;0;0;0;0;0;0;0;0;0;0;0;0;0;0;3;0;0;0;0;0;0;0;0;0;0;0;0;0;0;2;0;0;0;0;1;0;0;0;0;0;0;0;0;0;0;0;0;0;0;0;0;0;1;1;0;0;0;0;0;0;0;0;0;0;0;0;0;0;1;0;0;0;0;0;0;0;0;0;2;0;0;0;1;0;0;46;5;1;0;0;2;0;0;0;16;1;0;1;1;0;5;0;0;0;2;0;0;0;1;0;0;0;0;0;0;0;0;0;0;69;61;0;0;0;0;0;0;0;0;0;0;0;0;0;0;0;0;0
011;XI. IZBORNA JEDINICA;;inozemstvo;država;AUSTRALIJA;001;biraèko mjesto broj 1 - CANBERRA;VELEPOSLANSTVO REPUBLIKE HRVATSKE U AUSTRALIJI;14 JINDALEE CRESCENT, O'MALLEY, ACT 2606 CANBERRA, AUSTRALIJA;103;103;103;101;2;2;0;0;0;0;0;0;0;0;1;0;0;0;0;0;0;0;0;0;0;0;0;0;0;1;0;0;0;0;0;0;0;0;0;0;0;1;0;0;1;1;0;0;0;0;0;0;5;1;0;0;0;0;0;0;0;0;0;0;0;0;0;2;0;0;0;0;0;0;0;1;0;0;0;0;0;0;0;0;0;0;0;0;0;0;0;0;0;0;0;0;0;0;0;0;84;4;5;1;0;3;0;0;0;0;1;1;1;1;3;3;2;0;0;0;0;0;0;0;0;0;1;0;0;0;0;0;0;0;1;1;0;0;0;0;0;0;0;0;0;0;0;0;0;0;0;0;0
011;XI. IZBORNA JEDINICA;;inozemstvo;država;AUSTRALIJA;002;biraèko mjesto broj 2 - MELBOURNE;GENERALNI KONZULAT REPUBLIKE HRVATSKE U AUSTRALIJI, MELBOURNE;9/24 ALBERT ROAD, SOUTH MELBOURNE 3205, VICTORIA, AUSTRALIJA;291;291;291;285;6;0;0;0;0;0;0;0;0;0;1;0;0;0;0;0;0;0;0;0;0;0;0;0;0;4;1;0;0;0;0;0;0;1;0;0;0;0;0;0;2;0;0;0;0;2;0;0;5;1;0;0;0;0;0;0;0;0;0;0;0;0;0;0;0;0;0;0;0;0;0;0;0;0;0;0;0;0;0;0;0;0;0;0;0;0;0;0;0;1;0;0;0;0;0;0;237;53;16;2;1;0;0;1;2;0;4;2;3;0;5;1;0;0;0;0;1;0;0;0;0;0;0;0;0;0;0;0;0;0;34;31;0;0;0;0;0;0;0;0;0;0;0;0;0;0;0;0;0
011;XI. IZBORNA JEDINICA;;inozemstvo;država;AUSTRALIJA;003;biraèko mjesto broj 3 - SYDNEY;GENERALNI KONZULAT REPUBLIKE HRVATSKE U AUSTRALIJI, SYDNEY;4/379 KENT STREET, P.O. BOX Q104, SYDNEY, NSW 1230, AUSTRALIJA;293;293;293;288;5;1;0;0;0;0;0;0;0;0;3;2;0;0;0;0;0;0;0;0;0;0;0;0;0;3;0;0;0;0;0;0;0;0;0;0;0;0;0;0;1;0;0;0;0;0;0;0;6;0;0;0;0;0;0;0;0;0;0;0;0;0;0;0;0;0;0;0;0;0;0;0;0;0;0;0;0;0;0;5;3;2;0;0;0;0;0;0;0;2;1;0;0;0;0;0;221;15;12;3;3;1;0;4;3;2;1;1;0;2;0;4;0;2;1;0;0;0;0;0;0;0;0;0;0;0;0;0;0;0;42;38;0;0;1;0;0;0;1;0;0;0;0;0;0;0;0;0;0
011;XI. IZBORNA JEDINICA;;inozemstvo;država;AUSTRALIJA;004;biraèko mjesto broj 4 - PERTH;KONZULAT REPUBLIKE HRVATSKE U AUSTRALIJI, PERTH;9/68 ST. GEORGES TCE, PERTH WA 6831, AUSTRALIJA;47;47;47;47;0;0;0;0;0;0;0;0;0;0;4;0;0;0;0;0;1;0;2;0;0;0;0;0;0;0;0;0;0;0;0;0;0;0;0;0;0;0;0;0;0;0;0;0;0;0;0;0;5;1;0;0;0;0;0;0;0;0;0;0;0;0;0;0;0;0;0;0;0;0;0;0;0;0;0;0;0;0;0;0;0;0;0;0;0;0;0;0;0;1;0;0;0;0;0;0;30;3;1;0;1;0;0;1;0;0;0;0;0;0;0;1;0;0;0;0;0;0;0;0;0;0;0;0;0;0;0;0;0;0;6;6;0;0;0;0;0;0;0;0;0;0;0;0;0;0;0;0;0
011;XI. IZBORNA JEDINICA;;inozemstvo;država;AUSTRIJA;001;biraèko mjesto broj 1 - BEÈ;VELEPOSLANSTVO REPUBLIKE HRVATSKE U REPUBLICI AUSTRIJI;OPERNGASSE 20 B, 1040 WIEN, AUSTRIJA;244;244;243;242;1;0;0;0;0;0;0;0;0;0;4;2;0;0;1;0;0;0;0;0;0;0;0;0;0;2;0;0;0;0;0;0;0;0;1;0;0;0;0;0;1;1;0;0;0;0;0;0;11;1;0;0;0;1;0;0;0;0;0;0;0;0;0;1;0;0;0;0;0;0;0;3;1;0;0;0;0;0;0;1;0;0;0;0;0;0;0;0;0;1;0;0;0;0;0;0;174;31;5;4;3;0;1;4;0;84;0;0;2;2;4;7;0;2;0;0;0;0;0;1;0;0;0;0;0;0;0;0;0;0;36;32;0;0;0;0;0;0;0;0;0;1;0;0;1;0;0;0;0
011;XI. IZBORNA JEDINICA;;inozemstvo;država;AUSTRIJA;002;biraèko mjesto broj 2 - BEÈ;VELEPOSLANSTVO REPUBLIKE HRVATSKE U REPUBLICI AUSTRIJI;OPERNGASSE 20 B, 1040 WIEN, AUSTRIJA;183;183;183;180;3;1;0;0;0;0;0;0;0;0;5;0;1;0;1;0;0;0;0;0;0;0;0;0;0;3;0;0;0;0;0;0;0;0;0;0;0;0;0;0;0;0;0;0;0;0;0;0;9;0;0;0;0;0;0;0;0;2;0;0;0;0;0;2;0;0;0;0;0;0;0;2;1;0;0;0;0;0;0;0;0;0;0;0;0;0;0;0;0;2;1;1;0;0;0;0;121;18;1;4;0;0;0;2;3;43;2;0;2;0;2;6;0;1;0;0;0;0;0;0;2;0;3;0;0;0;0;0;0;0;28;28;0;0;0;0;0;0;0;0;0;1;0;0;0;0;0;0;0
011;XI. IZBORNA JEDINICA;;inozemstvo;država;BELGIJA;001;biraèko mjesto broj 1 -  BRUXELLES;VELEPOSLANSTVO REPUBLIKE HRVATSKE U KRALJEVINI BELGIJI;AVENUE LOUISE 425, 1050 BRUXELLES, BELGIJA;22;22;22;22;0;0;0;0;0;0;0;0;0;0;0;0;0;0;0;0;0;0;0;0;0;0;0;0;0;0;0;0;0;0;0;0;0;0;0;0;0;0;0;0;0;0;0;0;0;0;0;0;2;0;0;0;0;0;0;0;0;0;1;0;0;0;0;3;1;0;0;0;0;0;0;0;0;0;0;0;0;0;0;0;0;0;0;0;0;0;0;0;0;0;0;0;0;0;0;0;13;3;1;0;0;0;0;0;0;0;1;0;0;0;0;3;0;0;0;0;2;0;0;0;0;0;0;0;0;0;0;0;0;0;1;1;0;0;0;0;0;0;0;0;0;0;0;0;0;0;0;0;0
011;XI. IZBORNA JEDINICA;;inozemstvo;država;BOSNA I HERCEGOVINA;001;biraèko mjesto broj 1 - SARAJEVO;VELEPOSLANSTVO REPUBLIKE HRVATSKE U BOSNI I HERCEGOVINI;SREDNJA EKONOMSKA ŠKOLA, ZMAJA OD BOSNE 39, SARAJEVO, BOSNA I HERCEGOVINA;641;641;641;634;7;1;1;0;0;0;0;0;0;0;65;18;0;0;3;3;0;0;2;1;0;0;0;0;9;4;1;0;0;0;0;0;0;0;0;1;0;0;0;0;4;1;0;0;2;0;0;0;16;2;1;0;1;0;0;2;0;0;0;0;0;0;0;1;1;0;0;0;0;0;0;3;0;0;1;0;0;0;0;0;0;0;0;0;0;0;0;0;0;5;1;1;0;0;1;0;482;89;26;95;19;0;0;59;6;4;8;0;4;0;4;12;0;1;0;0;1;0;0;0;3;0;0;1;0;1;0;0;0;0;40;35;0;0;0;0;0;0;0;0;1;0;0;0;0;0;0;0;0
011;XI. IZBORNA JEDINICA;;inozemstvo;država;BOSNA I HERCEGOVINA;003;biraèko mjesto broj 3 - SARAJEVO;VELEPOSLANSTVO REPUBLIKE HRVATSKE U BOSNI I HERCEGOVINI;SREDNJA EKONOMSKA ŠKOLA, ZMAJA OD BOSNE 39, SARAJEVO, BOSNA I HERCEGOVINA;405;405;405;397;8;0;0;0;0;0;0;0;0;0;42;12;1;0;2;0;1;0;2;0;0;0;0;0;11;3;0;1;0;0;0;0;0;0;0;0;0;1;0;0;0;0;0;0;0;0;0;0;7;0;0;0;0;0;0;0;0;0;0;0;1;1;0;1;0;0;0;1;0;0;0;1;0;0;0;0;0;0;0;2;0;0;0;2;0;0;0;0;0;2;0;1;0;0;0;0;307;87;20;71;12;0;0;39;0;0;7;0;2;0;2;0;0;0;0;0;0;0;0;0;0;0;0;9;1;0;0;0;1;0;22;15;0;0;4;0;0;1;0;0;0;1;0;0;0;0;0;1;0
011;XI. IZBORNA JEDINICA;;inozemstvo;država;BOSNA I HERCEGOVINA;004;biraèko mjesto broj 4 - SARAJEVO;VELEPOSLANSTVO REPUBLIKE HRVATSKE U BOSNI I HERCEGOVINI;SREDNJA EKONOMSKA ŠKOLA, ZMAJA OD BOSNE 39, SARAJEVO, BOSNA I HERCEGOVINA;223;223;223;221;2;1;0;0;0;0;0;0;0;1;19;6;1;0;2;0;0;0;1;0;0;0;0;0;3;0;0;0;0;0;0;0;0;0;0;0;0;0;0;0;1;0;0;0;0;0;0;0;9;1;0;0;0;0;0;0;0;0;0;0;0;0;0;2;0;0;0;0;0;0;0;1;0;0;0;0;0;0;0;0;0;0;0;0;0;0;0;0;0;0;0;0;0;0;0;0;171;37;4;49;9;0;0;13;1;0;4;0;1;1;4;2;0;0;0;0;0;0;0;0;0;0;0;0;0;0;0;0;0;0;15;10;1;1;0;0;1;0;1;0;0;0;0;0;0;0;0;0;0
011;XI. IZBORNA JEDINICA;;inozemstvo;država;BOSNA I HERCEGOVINA;005;biraèko mjesto broj 5 - SARAJEVO;VELEPOSLANSTVO REPUBLIKE HRVATSKE U BOSNI I HERCEGOVINI;SREDNJA EKONOMSKA ŠKOLA, ZMAJA OD BOSNE 39, SARAJEVO, BOSNA I HERCEGOVINA;277;277;277;273;4;0;0;0;0;0;0;0;0;0;20;7;1;0;0;0;2;0;1;0;0;1;0;0;0;1;0;0;0;0;0;0;0;0;1;0;0;0;0;0;1;1;0;0;0;0;0;0;11;1;1;0;1;1;0;0;0;0;0;0;0;0;0;1;1;0;0;0;0;0;0;6;0;0;1;0;0;1;0;0;0;0;0;0;0;0;0;0;0;1;1;0;0;0;0;0;210;41;14;46;8;0;1;40;0;1;2;3;3;0;4;5;1;0;0;0;0;0;0;0;1;1;0;0;0;0;0;0;0;0;15;14;0;0;0;0;0;0;0;0;0;2;0;0;1;0;0;0;0
011;XI. IZBORNA JEDINICA;;inozemstvo;država;BOSNA I HERCEGOVINA;006;biraèko mjesto broj 6 - SARAJEVO;VELEPOSLANSTVO REPUBLIKE HRVATSKE U BOSNI I HERCEGOVINI;SREDNJA EKONOMSKA ŠKOLA, ZMAJA OD BOSNE 39, SARAJEVO, BOSNA I HERCEGOVINA;248;248;248;243;5;0;0;0;0;0;0;0;0;0;24;11;0;0;0;1;0;0;0;0;0;0;0;0;5;3;1;1;0;0;0;0;0;0;0;0;0;0;0;0;1;0;0;0;0;0;0;0;10;3;0;0;1;0;0;0;0;0;0;0;0;0;0;2;0;0;0;0;0;0;0;3;1;1;0;0;0;0;0;0;0;0;0;0;0;0;0;0;0;1;0;0;0;0;0;0;176;41;7;57;3;0;1;20;0;0;2;0;3;1;1;6;1;1;1;0;2;0;0;0;0;0;0;0;0;0;0;0;0;0;16;14;1;0;0;0;0;0;0;0;0;1;0;0;1;0;0;0;0
011;XI. IZBORNA JEDINICA;;inozemstvo;država;BOSNA I HERCEGOVINA;007;biraèko mjesto broj 7 - SARAJEVO;VELEPOSLANSTVO REPUBLIKE HRVATSKE U BOSNI I HERCEGOVINI;SREDNJA EKONOMSKA ŠKOLA, ZMAJA OD BOSNE 39, SARAJEVO, BOSNA I HERCEGOVINA;287;287;286;275;11;0;0;0;0;0;0;0;0;0;35;11;0;0;0;0;0;0;0;0;0;6;0;0;2;2;0;0;0;0;0;0;0;0;0;0;0;0;0;0;1;1;0;0;0;0;0;0;12;0;0;0;0;0;1;0;0;0;0;0;0;0;0;1;0;0;0;0;0;0;0;4;1;0;0;1;0;0;0;0;0;0;0;0;0;0;0;0;0;2;1;0;0;0;0;0;192;48;7;28;8;1;0;38;1;0;2;0;0;0;3;4;1;1;0;0;0;0;0;0;0;0;0;0;0;0;0;0;0;0;20;19;0;0;0;0;0;0;0;0;0;2;0;0;0;0;0;0;0
011;XI. IZBORNA JEDINICA;;inozemstvo;država;BOSNA I HERCEGOVINA;008;biraèko mjesto broj 8 - SARAJEVO;VELEPOSLANSTVO REPUBLIKE HRVATSKE U BOSNI I HERCEGOVINI;SREDNJA EKONOMSKA ŠKOLA, ZMAJA OD BOSNE 39, SARAJEVO, BOSNA I HERCEGOVINA;256;256;256;251;5;2;0;0;0;0;0;0;0;0;17;3;0;0;1;2;1;0;2;0;0;0;0;0;2;0;0;0;0;0;0;0;0;0;0;0;0;0;0;0;1;0;0;0;0;0;0;0;6;0;0;0;0;0;0;1;0;0;0;0;0;0;0;1;0;0;0;0;0;0;0;3;1;0;1;0;0;0;0;2;0;1;0;0;0;0;0;0;0;0;0;0;0;0;0;0;196;35;12;25;11;1;1;21;4;0;8;0;1;0;1;6;0;1;0;1;1;0;0;0;0;0;1;0;0;0;0;0;0;0;17;16;0;0;0;0;0;0;0;0;0;0;0;0;0;0;0;0;0
011;XI. IZBORNA JEDINICA;;inozemstvo;država;BOSNA I HERCEGOVINA;010;biraèko mjesto broj 10 - MOSTAR;GENERALNI KONZULAT REPUBLIKE HRVATSKE U BOSNI I HERCEGOVINI, MOSTAR;"OSNOVNA ŠKOLA ""FRA. PETRA BAKULE"", KRALJA TOMISLAVA 9, MOSTAR, BOSNA I HERCEGOVINA";351;351;351;345;6;0;0;0;0;0;0;0;0;0;17;6;1;0;0;2;0;0;0;0;0;0;0;0;0;3;0;0;0;0;0;0;0;0;0;0;0;0;0;0;0;0;0;0;0;0;0;0;5;1;0;0;0;0;1;0;0;0;0;0;0;0;0;0;0;0;0;0;0;0;0;0;0;0;0;0;0;0;0;0;0;0;0;0;0;0;0;0;0;0;0;0;0;0;0;0;174;38;28;14;6;0;0;3;3;0;1;0;6;1;5;0;0;0;0;0;0;0;0;0;0;0;0;0;0;0;0;0;0;0;146;126;4;5;0;0;1;0;0;0;1;0;0;0;0;0;0;0;0
011;XI. IZBORNA JEDINICA;;inozemstvo;država;BOSNA I HERCEGOVINA;011;biraèko mjesto broj 11 - MOSTAR;GENERALNI KONZULAT REPUBLIKE HRVATSKE U BOSNI I HERCEGOVINI, MOSTAR;"OSNOVNA ŠKOLA ""FRA. PETRA BAKULE"", KRALJA TOMISLAVA 9, MOSTAR, BOSNA I HERCEGOVINA";1286;1286;1286;1277;9;0;0;0;0;0;0;0;0;0;53;8;20;5;0;1;0;0;3;0;1;1;0;0;0;1;0;0;0;0;0;0;0;0;0;0;0;0;0;0;0;0;0;0;0;0;0;0;12;0;0;0;2;0;0;0;0;2;0;0;0;0;1;3;1;0;1;0;0;0;0;1;0;0;0;0;0;0;0;2;0;2;0;0;0;0;0;0;0;0;0;0;0;0;0;0;758;193;153;17;27;0;6;3;2;13;4;0;30;4;58;2;1;0;0;0;0;0;0;0;0;0;0;0;0;0;0;0;0;0;444;366;14;22;1;0;7;0;0;0;3;1;0;0;0;0;0;0;0
011;XI. IZBORNA JEDINICA;;inozemstvo;država;BOSNA I HERCEGOVINA;012;biraèko mjesto broj 12 - MOSTAR;GENERALNI KONZULAT REPUBLIKE HRVATSKE U BOSNI I HERCEGOVINI, MOSTAR;"OSNOVNA ŠKOLA ""FRA. PETRA BAKULE"", KRALJA TOMISLAVA 9, MOSTAR, BOSNA I HERCEGOVINA";681;681;681;676;5;1;0;0;0;0;0;0;0;0;15;2;5;2;0;4;0;0;0;0;0;0;0;0;0;2;0;0;1;0;0;0;0;0;0;0;0;0;0;0;1;0;0;0;0;0;0;0;14;2;0;0;1;0;0;0;0;0;0;0;0;0;0;1;1;0;0;0;0;0;0;1;0;0;0;0;0;0;0;0;0;0;0;0;0;0;0;0;0;3;1;0;0;0;1;1;392;125;39;15;21;2;0;3;1;2;0;1;9;1;21;1;0;0;0;0;0;0;0;0;0;0;1;1;0;0;0;0;0;0;244;191;11;16;3;0;2;0;0;0;2;0;0;0;0;0;0;0;0
011;XI. IZBORNA JEDINICA;;inozemstvo;država;BOSNA I HERCEGOVINA;013;biraèko mjesto broj 13 - MOSTAR;GENERALNI KONZULAT REPUBLIKE HRVATSKE U BOSNI I HERCEGOVINI, MOSTAR;"OSNOVNA ŠKOLA ""FRA. PETRA BAKULE"", KRALJA TOMISLAVA 9, MOSTAR, BOSNA I HERCEGOVINA";308;308;308;307;1;0;0;0;0;0;0;0;0;0;22;5;12;1;0;0;0;0;0;0;0;0;0;0;0;0;0;0;0;0;0;0;0;0;0;0;0;0;0;0;0;0;0;0;0;0;0;0;2;1;0;0;0;0;0;0;0;0;0;0;0;0;0;0;0;0;0;0;0;0;0;0;0;0;0;0;0;0;0;1;1;0;0;0;0;0;0;0;0;0;0;0;0;0;0;0;182;57;23;7;6;0;2;0;0;2;0;0;5;0;8;1;1;0;0;0;0;0;0;0;0;0;0;0;0;0;0;0;0;0;99;78;3;4;0;0;1;0;0;0;5;0;0;0;0;0;0;0;0
011;XI. IZBORNA JEDINICA;;inozemstvo;država;BOSNA I HERCEGOVINA;014;biraèko mjesto broj 14 - MOSTAR;"OSNOVNA ŠKOLA ""FRA. PETRA BAKULE"", KRALJA TOMISLAVA 9, MOSTAR, BOSNA I HERCEGOVINA";GENERALNI KONZULAT REPUBLIKE HRVATSKE U BOSNI I HERCEGOVINI, MOSTAR;218;218;218;215;3;0;0;0;0;0;0;0;0;0;9;4;2;0;0;1;0;0;0;0;0;0;0;0;0;0;0;0;0;0;0;0;0;0;0;0;0;0;0;0;0;0;0;0;0;0;0;0;1;0;0;0;0;0;0;0;0;1;0;0;0;0;0;0;0;0;0;0;0;0;0;0;0;0;0;0;0;0;0;0;0;0;0;0;0;0;0;0;0;0;0;0;0;0;0;0;132;29;28;3;3;0;2;5;0;0;0;0;2;0;1;2;0;0;0;0;1;0;0;0;0;1;0;0;0;0;0;0;0;0;71;53;4;4;0;0;0;0;1;0;2;0;0;0;0;0;0;0;0
011;XI. IZBORNA JEDINICA;;inozemstvo;država;BOSNA I HERCEGOVINA;015;biraèko mjesto broj 15- MOSTAR;GENERALNI KONZULAT REPUBLIKE HRVATSKE U BOSNI I HERCEGOVINI, MOSTAR;"OSNOVNA ŠKOLA ""FRA. PETRA BAKULE"", KRALJA TOMISLAVA 9, MOSTAR, BOSNA I HERCEGOVINA";536;536;535;529;6;1;0;0;0;0;0;0;0;0;11;5;1;0;0;0;0;0;0;0;0;0;0;0;0;1;0;0;0;0;0;0;0;0;0;0;0;0;0;0;0;0;0;0;0;0;0;0;6;0;0;0;0;0;0;0;0;0;0;0;0;1;1;0;0;0;0;0;0;0;0;0;0;0;0;0;0;0;0;0;0;0;0;0;0;0;0;0;0;0;0;0;0;0;0;0;295;59;60;9;5;1;4;2;1;2;2;0;7;0;21;4;1;0;0;0;2;0;0;0;0;0;1;0;0;0;0;0;0;0;211;162;13;12;1;0;2;0;0;0;2;0;0;0;0;0;0;0;0
011;XI. IZBORNA JEDINICA;;inozemstvo;država;BOSNA I HERCEGOVINA;016;biraèko mjesto broj 16 - MOSTAR;GENERALNI KONZULAT REPUBLIKE HRVATSKE U BOSNI I HERCEGOVINI, MOSTAR;"OSNOVNA ŠKOLA ""FRA. PETRA BAKULE"", KRALJA TOMISLAVA 9, MOSTAR, BOSNA I HERCEGOVINA";186;186;186;181;5;0;0;0;0;0;0;0;0;0;12;2;7;1;0;1;0;0;0;0;0;0;0;0;1;0;0;0;0;0;0;0;0;0;0;0;0;0;0;0;1;0;0;0;0;0;1;0;1;0;0;0;0;0;0;0;0;0;0;0;0;0;0;0;0;0;0;0;0;0;0;0;0;0;0;0;0;0;0;0;0;0;0;0;0;0;0;0;0;0;0;0;0;0;0;0;90;30;7;2;4;1;1;0;0;0;0;0;7;0;1;2;0;0;0;0;0;0;0;0;0;0;0;0;0;0;0;0;0;0;75;57;9;4;0;0;0;0;0;0;0;0;0;0;0;0;0;0;0
011;XI. IZBORNA JEDINICA;;inozemstvo;država;BOSNA I HERCEGOVINA;017;biraèko mjesto broj 17 - MOSTAR;GENERALNI KONZULAT REPUBLIKE HRVATSKE U BOSNI I HERCEGOVINI, MOSTAR;"OSNOVNA ŠKOLA ""FRA. PETRA BAKULE"", KRALJA TOMISLAVA 9, MOSTAR, BOSNA I HERCEGOVINA";350;350;349;336;13;0;0;0;0;0;0;0;0;0;21;7;5;0;1;3;3;0;0;0;0;0;0;0;0;0;0;0;0;0;0;0;0;0;0;0;0;0;0;0;0;0;0;0;0;0;0;0;7;0;0;0;0;0;1;0;0;0;0;0;0;0;1;2;0;0;0;0;0;0;0;0;0;0;0;0;0;0;0;0;0;0;0;0;0;0;0;0;0;0;0;0;0;0;0;0;180;36;34;7;7;1;2;1;1;1;0;0;7;0;10;4;4;0;0;0;0;0;0;0;0;0;0;0;0;0;0;0;0;0;122;103;5;2;0;0;6;0;0;0;0;0;0;0;0;0;0;0;0
011;XI. IZBORNA JEDINICA;;inozemstvo;država;BOSNA I HERCEGOVINA;018;biraèko mjesto broj 18 - MOSTAR;GENERALNI KONZULAT REPUBLIKE HRVATSKE U BOSNI I HERCEGOVINI, MOSTAR;"OSNOVNA ŠKOLA ""FRA. PETRA BAKULE"", KRALJA TOMISLAVA 9, MOSTAR, BOSNA I HERCEGOVINA";902;902;902;896;6;0;0;0;0;0;0;0;0;0;25;4;11;0;0;1;1;2;1;0;0;0;0;0;0;2;1;1;0;0;0;0;0;0;0;0;0;0;0;0;1;0;0;0;0;1;0;0;13;2;0;0;0;0;0;0;0;0;0;0;3;0;1;2;0;0;0;0;0;0;0;0;0;0;0;0;0;0;0;1;0;0;0;1;0;0;0;0;0;1;0;0;0;0;1;0;552;159;92;6;16;0;6;5;6;7;2;1;13;4;28;4;2;0;0;0;0;2;0;0;0;0;0;1;0;0;0;0;0;0;290;242;15;10;2;0;2;0;0;0;1;4;1;0;0;1;0;0;0
011;XI. IZBORNA JEDINICA;;inozemstvo;država;BOSNA I HERCEGOVINA;019;biraèko mjesto broj 19 - MOSTAR;GENERALNI KONZULAT REPUBLIKE HRVATSKE U BOSNI I HERCEGOVINI, MOSTAR;"OSNOVNA ŠKOLA ""FRA. PETRA BAKULE"", KRALJA TOMISLAVA 9, MOSTAR, BOSNA I HERCEGOVINA";452;452;452;449;3;0;0;0;0;0;0;0;0;0;9;3;3;1;0;0;0;0;0;0;0;0;0;0;0;3;0;0;0;0;0;0;0;0;0;0;0;0;0;0;1;0;0;0;0;0;0;0;5;0;0;0;0;0;0;0;0;0;0;0;0;0;0;0;0;0;0;0;0;0;0;0;0;0;0;0;0;0;0;0;0;0;0;0;0;0;0;0;0;1;0;1;0;0;0;0;267;85;36;9;15;0;0;2;1;4;0;0;0;0;8;4;1;0;0;0;0;1;1;0;0;0;0;0;0;0;0;0;0;0;159;124;2;8;0;0;6;0;0;0;0;0;0;0;0;0;0;0;0
011;XI. IZBORNA JEDINICA;;inozemstvo;država;BOSNA I HERCEGOVINA;020;biraèko mjesto broj 20 - MOSTAR;GENERALNI KONZULAT REPUBLIKE HRVATSKE U BOSNI I HERCEGOVINI, MOSTAR;"OSNOVNA ŠKOLA ""FRA. PETRA BAKULE"", KRALJA TOMISLAVA 9, MOSTAR, BOSNA I HERCEGOVINA";1425;1425;1425;1407;18;1;0;0;0;0;0;0;0;0;45;9;8;5;0;2;1;0;2;5;0;0;0;0;0;2;0;0;0;0;1;0;0;0;0;0;0;0;0;0;0;0;0;0;0;0;0;0;25;5;0;0;1;0;0;1;0;0;0;1;0;0;0;3;0;0;0;0;1;0;0;9;0;0;0;1;0;0;0;0;0;0;0;0;0;0;0;0;0;0;0;0;0;0;0;0;813;221;166;14;30;1;10;6;3;4;1;0;17;0;36;11;5;0;0;3;0;0;0;0;0;0;1;0;0;0;0;0;0;0;495;406;20;23;4;0;10;0;0;0;2;3;2;0;0;0;0;0;0
011;XI. IZBORNA JEDINICA;;inozemstvo;država;BOSNA I HERCEGOVINA;021;biraèko mjesto broj 21 - MOSTAR;GENERALNI KONZULAT REPUBLIKE HRVATSKE U BOSNI I HERCEGOVINI, MOSTAR;"OSNOVNA ŠKOLA ""FRA. PETRA BAKULE"", KRALJA TOMISLAVA 9, MOSTAR, BOSNA I HERCEGOVINA";213;213;213;213;0;0;0;0;0;0;0;0;0;0;13;2;1;6;0;0;0;0;0;0;0;0;0;0;0;0;0;0;0;0;0;0;0;0;0;0;0;0;0;0;0;0;0;0;0;0;0;0;6;1;0;0;0;0;0;0;0;0;0;0;0;0;1;0;0;0;0;0;0;0;0;0;0;0;0;0;0;0;0;0;0;0;0;0;0;0;0;0;0;0;0;0;0;0;0;0;121;37;16;1;4;0;0;0;0;2;0;0;2;0;3;0;0;0;0;0;0;0;0;0;0;0;0;0;0;0;0;0;0;0;73;50;8;3;0;1;5;1;0;0;0;0;0;0;0;0;0;0;0
011;XI. IZBORNA JEDINICA;;inozemstvo;država;BOSNA I HERCEGOVINA;022;biraèko mjesto broj 22 - MOSTAR;GENERALNI KONZULAT REPUBLIKE HRVATSKE U BOSNI I HERCEGOVINI, MOSTAR;"OSNOVNA ŠKOLA ""FRA. PETRA BAKULE"", KRALJA TOMISLAVA 9, MOSTAR, BOSNA I HERCEGOVINA";1223;1223;1222;1211;11;2;1;0;1;0;0;0;0;0;38;11;7;7;0;2;0;0;5;0;0;1;0;0;0;3;0;0;3;0;0;0;0;0;0;0;0;0;0;0;0;0;0;0;0;0;0;0;14;2;2;0;2;0;3;1;0;0;0;0;0;0;0;0;0;0;0;0;0;0;0;0;0;0;0;0;0;0;0;2;1;0;0;0;0;0;0;0;0;1;0;1;0;0;0;0;726;121;192;16;32;2;1;2;3;13;2;1;33;1;30;6;4;0;0;0;0;0;0;0;0;0;0;0;0;0;0;0;0;0;418;324;13;39;6;0;2;0;0;0;1;1;0;0;0;0;0;0;0
011;XI. IZBORNA JEDINICA;;inozemstvo;država;BOSNA I HERCEGOVINA;023;biraèko mjesto broj 23 - MOSTAR;GENERALNI KONZULAT REPUBLIKE HRVATSKE U BOSNI I HERCEGOVINI, MOSTAR;"OSNOVNA ŠKOLA ""FRA. PETRA BAKULE"", KRALJA TOMISLAVA 9, MOSTAR, BOSNA I HERCEGOVINA";543;543;543;539;4;0;0;0;0;0;0;0;0;0;17;6;3;0;0;0;0;1;0;0;0;0;0;0;0;0;0;0;0;0;0;0;0;0;0;0;0;0;0;0;0;0;0;0;0;0;0;0;9;2;0;0;0;1;1;0;0;0;1;0;0;0;0;0;0;0;0;0;0;0;0;1;0;0;0;0;0;0;0;0;0;0;0;0;0;0;0;0;0;0;0;0;0;0;0;0;330;61;112;7;7;0;3;0;1;3;0;0;9;0;14;1;0;0;0;0;0;0;0;0;0;0;0;0;0;0;0;0;0;0;181;152;6;4;0;0;0;0;0;0;3;0;0;0;0;0;0;0;0
011;XI. IZBORNA JEDINICA;;inozemstvo;država;BOSNA I HERCEGOVINA;024;biraèko mjesto broj 24 - MOSTAR;GENERALNI KONZULAT REPUBLIKE HRVATSKE U BOSNI I HERCEGOVINI, MOSTAR;"OSNOVNA ŠKOLA ""FRA. PETRA BAKULE"", KRALJA TOMISLAVA 9, MOSTAR, BOSNA I HERCEGOVINA";647;647;646;641;5;0;0;0;0;0;0;0;0;0;31;4;11;3;0;1;1;0;3;0;0;0;0;0;0;2;0;0;0;0;0;0;0;0;0;0;0;0;0;0;1;0;0;0;0;0;1;0;7;0;1;0;0;0;0;0;0;0;0;0;0;0;0;0;0;0;0;0;0;0;0;0;0;0;0;0;0;0;0;0;0;0;0;0;0;0;0;0;0;1;0;0;0;0;0;0;328;101;41;10;10;1;3;6;2;2;2;0;8;0;21;4;3;0;0;0;0;0;0;0;0;0;0;0;0;0;0;0;0;0;267;230;10;14;0;0;6;0;0;0;0;0;0;0;0;0;0;0;0
011;XI. IZBORNA JEDINICA;;inozemstvo;država;BOSNA I HERCEGOVINA;025;biraèko mjesto broj 25 - MOSTAR;GENERALNI KONZULAT REPUBLIKE HRVATSKE U BOSNI I HERCEGOVINI, MOSTAR;"OSNOVNA ŠKOLA ""FRA. PETRA BAKULE"", KRALJA TOMISLAVA 9, MOSTAR, BOSNA I HERCEGOVINA";486;486;486;481;5;1;0;0;0;0;0;0;0;0;16;3;4;0;0;0;0;0;0;0;0;0;0;0;0;0;0;0;0;0;0;0;0;0;0;0;0;0;0;0;1;0;0;0;0;0;0;0;11;0;0;0;1;0;0;0;1;0;0;0;1;0;0;0;0;0;0;0;0;0;0;0;0;0;0;0;0;0;0;0;0;0;0;0;0;0;0;0;0;0;0;0;0;0;0;0;269;58;63;9;9;0;2;4;1;3;0;0;7;2;19;3;0;0;0;0;1;0;0;1;0;0;0;0;0;0;0;0;0;0;180;146;10;3;1;0;3;0;0;1;2;0;0;0;0;0;0;0;0
011;XI. IZBORNA JEDINICA;;inozemstvo;država;BOSNA I HERCEGOVINA;026;biraèko mjesto broj 26 - MOSTAR;GENERALNI KONZULAT REPUBLIKE HRVATSKE U BOSNI I HERCEGOVINI, MOSTAR;"OSNOVNA ŠKOLA ""FRA. PETRA BAKULE"", KRALJA TOMISLAVA 9, MOSTAR, BOSNA I HERCEGOVINA";288;288;288;286;2;0;0;0;0;0;0;0;0;0;6;0;2;0;0;0;0;0;0;0;0;0;0;0;0;1;0;0;0;0;0;0;0;0;0;1;0;0;0;0;0;0;0;0;0;0;0;0;9;0;1;0;0;0;0;0;0;0;0;0;0;0;0;0;0;0;0;0;0;0;0;0;0;0;0;0;0;0;0;1;0;0;0;0;0;0;0;0;0;0;0;0;0;0;0;0;154;40;15;4;8;0;0;2;0;1;1;0;4;0;7;5;4;0;0;0;0;0;0;0;0;0;0;0;0;0;0;0;0;0;110;92;4;4;0;0;2;1;0;0;0;0;0;0;0;0;0;0;0
011;XI. IZBORNA JEDINICA;;inozemstvo;država;BOSNA I HERCEGOVINA;027;biraèko mjesto broj 27 - MOSTAR;GENERALNI KONZULAT REPUBLIKE HRVATSKE U BOSNI I HERCEGOVINI, MOSTAR;"OSNOVNA ŠKOLA ""FRA. PETRA BAKULE"", KRALJA TOMISLAVA 9, MOSTAR, BOSNA I HERCEGOVINA";473;473;473;468;5;0;0;0;0;0;0;0;0;0;24;3;14;0;0;0;0;0;1;0;0;0;0;0;0;1;0;0;0;0;0;0;0;0;0;1;0;0;0;0;0;0;0;0;0;0;0;0;4;0;0;0;0;0;0;0;0;0;0;0;0;0;0;0;0;0;0;0;0;0;0;0;0;0;0;0;0;0;0;0;0;0;0;0;0;0;0;0;0;0;0;0;0;0;0;0;281;72;45;5;7;0;2;2;0;6;0;0;5;0;15;5;0;0;0;4;0;0;0;0;0;0;0;0;0;0;0;0;0;0;153;131;1;7;0;1;0;0;0;0;3;0;0;0;0;0;0;0;0
011;XI. IZBORNA JEDINICA;;inozemstvo;država;BOSNA I HERCEGOVINA;028;biraèko mjesto broj 28 - MOSTAR;GENERALNI KONZULAT REPUBLIKE HRVATSKE U BOSNI I HERCEGOVINI, MOSTAR;"OSNOVNA ŠKOLA ""FRA. PETRA BAKULE"", KRALJA TOMISLAVA 9, MOSTAR, BOSNA I HERCEGOVINA";489;489;489;485;4;0;0;0;0;0;0;0;0;0;15;5;0;0;0;2;0;0;0;0;0;0;0;0;0;1;0;0;0;0;0;0;0;0;0;0;0;0;0;0;0;0;0;0;0;0;0;0;14;0;0;0;2;0;0;0;0;0;0;1;1;1;0;0;0;0;0;0;0;0;0;1;0;0;0;0;0;0;0;0;0;0;0;0;0;0;0;0;0;1;1;0;0;0;0;0;281;79;34;10;3;0;0;4;1;0;3;0;8;0;0;0;0;0;0;0;0;0;0;0;0;0;0;0;0;0;0;0;0;0;171;66;7;0;0;0;0;0;0;0;0;1;0;0;0;0;0;0;0
011;XI. IZBORNA JEDINICA;;inozemstvo;država;BOSNA I HERCEGOVINA;029;biraèko mjesto broj 29 - BANJA LUKA;GENERALNI KONZULAT REPUBLIKE HRVATSKE U BOSNI I HERCEGOVINI;MILANA KRANOVIÆA 1, BANJA LUKA, BOSNA I HERCEGOVINA;276;276;276;268;8;1;0;0;1;0;0;0;0;0;36;10;0;1;0;1;1;0;0;0;0;0;1;1;2;0;0;0;0;0;0;0;0;0;0;0;0;0;0;0;0;0;0;0;0;0;0;0;17;3;0;0;0;1;0;2;0;0;0;0;0;0;1;1;0;0;0;0;0;0;0;3;1;0;0;0;0;0;0;0;0;0;0;0;0;0;0;0;0;3;0;0;0;0;0;0;173;24;3;17;41;1;2;11;0;1;10;2;17;0;0;6;0;0;0;0;0;1;0;0;0;0;0;0;0;0;0;0;0;0;27;23;1;0;0;0;0;0;1;0;0;1;0;0;0;0;0;0;0
011;XI. IZBORNA JEDINICA;;inozemstvo;država;BOSNA I HERCEGOVINA;030;biraèko mjesto broj 30 - BANJA LUKA;GENERALNI KONZULAT REPUBLIKE HRVATSKE U BOSNI I HERCEGOVINI;MILANA KRANOVIÆA 1, BANJA LUKA, BOSNA I HERCEGOVINA;237;237;237;231;6;1;0;0;0;0;0;0;0;0;35;12;2;0;0;0;0;0;1;1;0;0;0;1;0;4;2;0;0;0;0;0;0;0;0;0;0;0;0;0;2;0;0;0;0;0;0;0;20;3;0;0;1;0;1;0;0;0;0;0;0;1;0;2;0;0;0;0;0;1;0;8;1;0;0;2;0;0;1;0;0;0;0;0;0;0;0;0;0;0;0;0;0;0;0;0;125;18;4;6;38;0;3;8;0;0;4;0;20;0;2;10;2;2;0;0;2;0;1;0;0;1;0;3;1;0;0;1;0;0;17;13;1;0;1;0;0;0;0;0;0;4;0;0;0;0;0;0;1
011;XI. IZBORNA JEDINICA;;inozemstvo;država;BOSNA I HERCEGOVINA;031;biraèko mjesto broj 31 - TUZLA;GENERALNI KONZULAT REPUBLIKE HRVATSKE U BOSNI I HERCEGOVINI, TUZLA;KAZAN MAHALA 1, 75 000 TUZLA, BOSNA I HERCEGOVINA;488;488;488;476;12;3;0;1;0;0;0;0;0;0;53;19;1;0;0;0;0;1;4;0;3;0;0;1;0;1;0;1;0;0;0;0;0;0;0;0;0;0;0;0;6;0;0;1;0;1;0;0;18;1;1;1;1;0;0;0;0;0;0;0;0;0;0;3;1;1;0;0;0;1;0;6;0;0;0;0;1;1;0;2;0;0;0;1;1;0;0;0;0;3;0;0;0;0;0;0;323;77;22;18;21;0;1;1;19;0;48;1;2;1;0;30;4;0;1;5;2;0;0;0;0;0;14;1;1;0;0;0;0;0;24;14;2;0;0;1;0;0;0;1;0;3;1;0;0;0;0;1;0
011;XI. IZBORNA JEDINICA;;inozemstvo;država;BOSNA I HERCEGOVINA;032;biraèko mjesto broj 32 - TUZLA;GENERALNI KONZULAT REPUBLIKE HRVATSKE U BOSNI I HERCEGOVINI, TUZLA;KAZAN MAHALA 1, 75 000 TUZLA, BOSNA I HERCEGOVINA;256;256;256;247;9;1;0;0;0;0;0;0;0;0;28;9;0;0;0;0;0;0;2;0;2;1;0;1;1;0;0;0;0;0;0;0;0;0;0;0;0;0;0;0;2;0;0;1;0;0;1;0;13;1;0;0;0;0;0;0;0;0;0;1;0;1;0;0;0;0;0;0;0;0;0;4;2;0;0;0;0;0;1;1;0;0;0;1;0;0;0;0;0;1;0;0;0;0;0;0;168;46;14;8;3;0;0;5;8;0;26;2;1;1;1;6;3;0;0;0;1;0;0;0;0;0;1;0;0;0;0;0;0;0;21;12;3;0;3;0;0;1;0;0;0;2;0;0;0;1;0;0;0
011;XI. IZBORNA JEDINICA;;inozemstvo;država;BOSNA I HERCEGOVINA;033;biraèko mjesto broj 33 - TUZLA;GENERALNI KONZULAT REPUBLIKE HRVATSKE U BOSNI I HERCEGOVINI, TUZLA;KAZAN MAHALA 1, 75 000 TUZLA, BOSNA I HERCEGOVINA;399;399;398;378;20;5;3;1;0;0;0;0;0;0;30;8;0;0;1;1;0;0;4;0;3;1;0;0;1;4;0;0;0;0;0;0;1;0;0;1;1;0;0;0;1;0;0;0;0;0;0;0;18;1;3;0;1;0;1;0;0;1;1;0;0;0;0;0;0;0;0;0;0;0;0;3;1;0;0;0;0;0;0;0;0;0;0;0;0;0;0;0;0;3;1;1;0;0;1;0;293;71;28;16;10;1;0;11;15;1;48;0;2;1;3;12;2;0;0;0;5;0;0;0;0;0;1;1;0;0;0;0;0;1;8;6;2;0;0;0;0;0;0;0;0;0;0;0;0;0;0;0;0
011;XI. IZBORNA JEDINICA;;inozemstvo;država;BRAZIL;001;biraèko mjesto broj 1 - BRASILIA;VELEPOSLANSTVO REPUBLIKE HRVATSKE U SAVEZNOJ REPUBLICI BRAZIL;SHIS QI 09 CONJUNTO 11, CASA 3 CEP 71625-110, BRASILIA-DF BRAZIL;2;2;2;2;0;0;0;0;0;0;0;0;0;0;0;0;0;0;0;0;0;0;0;0;0;0;0;0;0;0;0;0;0;0;0;0;0;0;0;0;0;0;0;0;0;0;0;0;0;0;0;0;0;0;0;0;0;0;0;0;0;0;0;0;0;0;0;1;1;0;0;0;0;0;0;1;0;0;0;0;0;0;0;0;0;0;0;0;0;0;0;0;0;0;0;0;0;0;0;0;0;0;0;0;0;0;0;0;0;0;0;0;0;0;0;0;0;0;0;0;0;0;0;0;0;0;0;0;0;0;0;0;0;0;0;0;0;0;0;0;0;0;0;0;0;0;0;0;0;0;0;0;0
011;XI. IZBORNA JEDINICA;;inozemstvo;država;BUGARSKA;001;biraèko mjesto broj 1 - SOFIJA;VELEPOSLANSTVO REPUBLIKE HRVATSKE U REPUBLICI BUGARSKOJ;UL. OBORIŠTE 15, 1504 SOFIA, BUGARSKA;5;5;5;5;0;0;0;0;0;0;0;0;0;0;0;0;0;0;0;0;0;0;0;0;0;0;0;0;0;0;0;0;0;0;0;0;0;0;0;0;0;0;0;0;0;0;0;0;0;0;0;0;1;0;0;0;0;0;0;0;0;0;0;0;0;0;0;0;0;0;0;0;0;0;0;0;0;0;0;0;0;0;0;0;0;0;0;0;0;0;0;0;0;0;0;0;0;0;0;0;4;1;1;0;0;0;0;0;0;0;0;0;0;0;0;0;0;0;0;0;0;0;0;0;0;0;0;0;0;0;0;0;0;0;0;0;0;0;0;0;0;0;0;0;0;0;0;0;0;0;0;0;0
011;XI. IZBORNA JEDINICA;;inozemstvo;država;CRNA GORA;001;biraèko mjesto broj 1 - PODGORICA;VELEPOSLANSTVO REPUBLIKE HRVATSKE U CRNOJ GORI;VLADA ÆETKOVIÆA 2, PODGORICA, CRNA GORA;21;21;21;20;1;0;0;0;0;0;0;0;0;0;1;0;0;0;0;0;0;0;0;0;0;0;0;0;0;0;0;0;0;0;0;0;0;0;0;0;0;0;0;0;0;0;0;0;0;0;0;0;4;0;0;0;0;0;0;1;1;1;0;0;0;0;0;2;0;1;0;0;0;0;0;1;0;0;0;0;0;0;0;0;0;0;0;0;0;0;0;0;0;0;0;0;0;0;0;0;7;2;1;0;0;0;0;0;0;1;0;0;0;0;0;5;2;0;0;0;0;0;0;0;0;0;0;0;0;0;0;0;0;0;0;0;0;0;0;0;0;0;0;0;0;0;0;0;0;0;0;0;0
011;XI. IZBORNA JEDINICA;;inozemstvo;država;CRNA GORA;002;biraèko mjesto broj 2 - KOTOR;GENERALNI KONZULAT REPUBLIKE HRVATSKE U CRNOJ GORI, KOTOR;TRG OD ORUŽJA BB, KOTOR, CRNA GORA;119;119;118;117;1;0;0;0;0;0;0;0;0;0;5;1;0;0;0;0;0;0;1;0;0;0;0;0;0;0;0;0;0;0;0;0;0;0;0;0;0;0;0;0;2;0;0;0;0;0;0;0;17;5;0;0;1;0;0;0;0;0;0;1;1;0;0;3;3;0;0;0;0;0;0;2;0;0;1;0;0;0;0;0;0;0;0;0;0;0;0;0;0;1;1;0;0;0;0;0;80;12;11;2;0;3;0;2;1;1;1;0;1;0;0;4;1;0;0;0;1;0;0;0;0;0;0;0;0;0;0;0;0;0;1;0;0;0;0;0;0;0;0;0;0;2;0;0;1;0;0;0;0
011;XI. IZBORNA JEDINICA;;inozemstvo;država;ÈEŠKA REPUBLIKA;001;biraèko mjesto broj 1 - PRAG;VELEPOSLANSTVO REPUBLIKE HRVATSKE U ÈEŠKOJ REPUBLICI;V PRUHLEDU 9, 162 00 PRAHA 6, ÈEŠKA;11;11;11;11;0;0;0;0;0;0;0;0;0;0;0;0;0;0;0;0;0;0;0;0;0;0;0;0;0;0;0;0;0;0;0;0;0;0;0;0;0;0;0;0;0;0;0;0;0;0;0;0;1;0;0;0;0;0;0;0;0;0;0;0;0;0;0;1;0;0;0;0;0;0;0;0;0;0;0;0;0;0;0;0;0;0;0;0;0;0;0;0;0;0;0;0;0;0;0;0;2;0;1;0;0;0;0;0;0;0;0;0;0;0;0;4;0;0;0;0;1;0;0;0;0;0;0;0;0;0;0;0;0;0;0;0;0;0;0;0;0;0;0;0;0;3;0;0;0;0;0;0;0
011;XI. IZBORNA JEDINICA;;inozemstvo;država;ÈILE;001;biraèko mjesto broj 1 - SANTIAGO;VELEPOSLANSTVO REPUBLIKE HRVATSKE U REPUBLICI ÈILE;EZEQUIAS ALLIENDE 2370, PROVIDENCIA, SANTIAGO DE CHILE, ÈILE;11;11;11;11;0;1;0;0;0;0;0;0;0;1;0;0;0;0;0;0;0;0;0;0;0;0;0;0;0;0;0;0;0;0;0;0;0;0;0;0;0;0;0;0;0;0;0;0;0;0;0;0;3;1;0;0;0;0;1;0;0;0;0;0;0;0;0;0;0;0;0;0;0;0;0;0;0;0;0;0;0;0;0;0;0;0;0;0;0;0;0;0;0;1;0;0;0;0;0;0;6;0;0;0;0;0;0;0;0;0;0;0;2;0;0;0;0;0;0;0;0;0;0;0;0;0;0;0;0;0;0;0;0;0;0;0;0;0;0;0;0;0;0;0;0;0;0;0;0;0;0;0;0
011;XI. IZBORNA JEDINICA;;inozemstvo;država;DANSKA;001;biraèko mjesto broj 1 - KOPENHAGEN;VELEPOSLANSTVO REPUBLIKE HRVATSKE U KRALJEVINI DANSKOJ;SOTORVET 5, 1 T.V. , 1371 COPENHAGEN, K, KRALJEVINA DANSKA;19;19;19;18;1;0;0;0;0;0;0;0;0;0;1;0;0;0;0;0;0;0;0;0;0;0;0;0;0;0;0;0;0;0;0;0;0;0;0;0;0;0;0;0;0;0;0;0;0;0;0;0;0;0;0;0;0;0;0;0;0;0;0;0;0;0;0;1;0;0;0;0;0;0;0;1;0;0;0;0;0;0;0;0;0;0;0;0;0;0;0;0;0;0;0;0;0;0;0;0;10;2;0;0;0;0;0;0;1;0;0;0;0;0;0;2;0;0;0;0;0;1;0;0;0;0;0;0;0;0;0;0;0;0;2;2;0;0;0;0;0;0;0;0;0;1;0;0;0;0;0;0;0
011;XI. IZBORNA JEDINICA;;inozemstvo;država;EGIPAT;001;biraèko mjesto broj 1 - KAIRO;VELEPOSLANSTVO REPUBLIKE HRVATSKE U ARAPSKOJ REPUBLICI EGIPAT;3, ABOU EL FEDA ST., 11211 ZAMALEK, CAIRO, EGIPAT;0;0;0;0;0;0;0;0;0;0;0;0;0;0;0;0;0;0;0;0;0;0;0;0;0;0;0;0;0;0;0;0;0;0;0;0;0;0;0;0;0;0;0;0;0;0;0;0;0;0;0;0;0;0;0;0;0;0;0;0;0;0;0;0;0;0;0;0;0;0;0;0;0;0;0;0;0;0;0;0;0;0;0;0;0;0;0;0;0;0;0;0;0;0;0;0;0;0;0;0;0;0;0;0;0;0;0;0;0;0;0;0;0;0;0;0;0;0;0;0;0;0;0;0;0;0;0;0;0;0;0;0;0;0;0;0;0;0;0;0;0;0;0;0;0;0;0;0;0;0;0;0;0
011;XI. IZBORNA JEDINICA;;inozemstvo;država;FINSKA;001;biraèko mjesto broj 1 - HELSINKI;VELEPOSLANSTVO REPUBLIKE HRVATSKE U REPUBLICI FINSKOJ;KRUUNUVUORENKATU 5, 00160 HELSINKI, FINSKA;4;4;4;4;0;0;0;0;0;0;0;0;0;0;0;0;0;0;0;0;0;0;0;0;0;0;0;0;0;0;0;0;0;0;0;0;0;0;0;0;0;0;0;0;0;0;0;0;0;0;0;0;0;0;0;0;0;0;0;0;0;0;0;0;0;0;0;2;0;0;0;0;0;0;0;0;0;0;0;0;0;0;0;0;0;0;0;0;0;0;0;0;0;0;0;0;0;0;0;0;0;0;0;0;0;0;0;0;0;0;0;0;0;0;0;0;0;0;0;0;0;0;0;0;0;0;0;0;0;0;0;0;0;0;0;0;0;0;0;0;0;0;0;0;0;2;0;0;0;0;0;0;0
011;XI. IZBORNA JEDINICA;;inozemstvo;država;FRANCUSKA;001;biraèko mjesto broj 1 - PARIZ;VELEPOSLANSTVO REPUBLIKE HRVATSKE U FRANCUSKOJ REPUBLICI;7, SQUARE THIERS, 75116 PARIS, FRANCUSKA;20;20;20;19;1;0;0;0;0;0;0;0;0;0;1;0;0;0;0;0;0;0;0;0;0;0;0;0;0;0;0;0;0;0;0;0;0;0;0;0;0;0;0;0;0;0;0;0;0;0;0;0;0;0;0;0;0;0;0;0;0;0;0;0;0;0;0;2;0;0;1;0;0;0;0;0;0;0;0;0;0;0;0;0;0;0;0;0;0;0;0;0;0;0;0;0;0;0;0;0;10;2;0;1;0;0;0;0;0;0;0;0;1;0;0;2;1;0;0;0;0;0;1;0;0;0;0;0;0;0;0;0;0;0;4;4;0;0;0;0;0;0;0;0;0;0;0;0;0;0;0;0;0
011;XI. IZBORNA JEDINICA;;inozemstvo;država;GRÈKA;001;biraèko mjesto broj 1 - ATENA;VELEPOSLANSTVO REPUBLIKE HRVATSKE U HELENSKOJ REPUBLICI;TZAVELA 4, NEO PSYCHICO, 154 51 ATHENS, GRÈKA;7;7;7;7;0;0;0;0;0;0;0;0;0;0;0;0;0;0;0;0;0;0;0;0;0;0;0;0;0;0;0;0;0;0;0;0;0;0;0;0;0;0;0;0;0;0;0;0;0;0;0;0;0;0;0;0;0;0;0;0;0;0;0;0;0;0;0;2;0;0;0;0;0;0;0;0;0;0;0;0;0;0;0;0;0;0;0;0;0;0;0;0;0;0;0;0;0;0;0;0;3;0;1;0;0;0;0;1;0;0;0;0;0;0;0;1;0;0;0;0;0;0;0;0;0;0;0;1;1;0;0;0;0;0;0;0;0;0;0;0;0;0;0;0;0;0;0;0;0;0;0;0;0
011;XI. IZBORNA JEDINICA;;inozemstvo;država;INDIJA;001;biraèko mjesto broj 1 - NEW DELHI;VELEPOSLANSTVO REPUBLIKE HRVATSKE U REPUBLICI INDIJI;A-15 WEST END NEW DELHI 110021, INDIJA;1;1;1;1;0;0;0;0;0;0;0;0;0;0;0;0;0;0;0;0;0;0;0;0;0;0;0;0;0;0;0;0;0;0;0;0;0;0;0;0;0;0;0;0;0;0;0;0;0;0;0;0;0;0;0;0;0;0;0;0;0;0;0;0;0;0;0;0;0;0;0;0;0;0;0;0;0;0;0;0;0;0;0;0;0;0;0;0;0;0;0;0;0;0;0;0;0;0;0;0;1;0;0;0;0;0;0;0;0;0;0;0;0;0;0;0;0;0;0;0;0;0;0;0;0;0;0;0;0;0;0;0;0;0;0;0;0;0;0;0;0;0;0;0;0;0;0;0;0;0;0;0;0
011;XI. IZBORNA JEDINICA;;inozemstvo;država;INDONEZIJA;001;biraèko mjesto broj 1 - JAKARTA;VELEPOSLANSTVO REPUBLIKE HRVATSKE U REPUBLICI INDONEZIJI;MENARA MULIA BUILDING 28TH FLOOR, SUITE PH-01, JL. JEND. GATOT SUBROTO KAV. 9-11, JAKARTA 12930, INDONEZIJA;4;4;4;4;0;0;0;0;0;0;0;0;0;0;0;0;0;0;0;0;0;0;0;0;0;0;0;0;0;0;0;0;0;0;0;0;0;0;0;0;0;0;0;0;0;0;0;0;0;0;0;0;1;0;0;0;0;0;0;0;0;0;0;0;0;0;0;0;0;0;0;0;0;0;0;1;0;0;0;0;0;0;0;0;0;0;0;0;0;0;0;0;0;0;0;0;0;0;0;0;1;0;0;0;0;0;0;0;0;0;0;0;0;0;0;1;0;0;0;0;0;0;0;0;0;0;0;0;0;0;0;0;0;0;0;0;0;0;0;0;0;0;0;0;0;0;0;0;0;0;0;0;0
011;XI. IZBORNA JEDINICA;;inozemstvo;država;IRAN;001;biraèko mjesto broj 1 - TEHERAN;VELEPOSLANSTVO REPUBLIKE HRVATSKE U ISLAMSKOJ REPUBLICI IRANU;1ST BEHESTAN 19, AVIA PASDARAN, TEHRAN, IRAN;0;0;0;0;0;0;0;0;0;0;0;0;0;0;0;0;0;0;0;0;0;0;0;0;0;0;0;0;0;0;0;0;0;0;0;0;0;0;0;0;0;0;0;0;0;0;0;0;0;0;0;0;0;0;0;0;0;0;0;0;0;0;0;0;0;0;0;0;0;0;0;0;0;0;0;0;0;0;0;0;0;0;0;0;0;0;0;0;0;0;0;0;0;0;0;0;0;0;0;0;0;0;0;0;0;0;0;0;0;0;0;0;0;0;0;0;0;0;0;0;0;0;0;0;0;0;0;0;0;0;0;0;0;0;0;0;0;0;0;0;0;0;0;0;0;0;0;0;0;0;0;0;0
011;XI. IZBORNA JEDINICA;;inozemstvo;država;IRSKA;001;biraèko mjesto broj 1 - DUBLIN;VELEPOSLANSTVO REPUBLIKE HRVATSKE U IRSKOJ;ADELAIDE CHAMBERS, PETER STREET, DUBLIN 8, IRSKA;1;1;1;1;0;0;0;0;0;0;0;0;0;0;0;0;0;0;0;0;0;0;0;0;0;0;0;0;0;0;0;0;0;0;0;0;0;0;0;0;0;0;0;0;0;0;0;0;0;0;0;0;0;0;0;0;0;0;0;0;0;0;0;0;0;0;0;1;0;0;0;0;0;0;0;0;0;0;0;0;0;0;0;0;0;0;0;0;0;0;0;0;0;0;0;0;0;0;0;0;0;0;0;0;0;0;0;0;0;0;0;0;0;0;0;0;0;0;0;0;0;0;0;0;0;0;0;0;0;0;0;0;0;0;0;0;0;0;0;0;0;0;0;0;0;0;0;0;0;0;0;0;0
011;XI. IZBORNA JEDINICA;;inozemstvo;država;ITALIJA;001;biraèko mjesto broj 1 - RIM;VELEPOSLANSTVO REPUBLIKE HRVATSKE U TALIJANSKOJ REPUBLICI;VIA LUIGI BODIO 74/76 00191 ROMA, ITALIJA;38;38;38;35;3;0;0;0;0;0;0;0;0;0;1;0;0;0;0;0;0;0;0;0;0;0;0;0;0;0;0;0;0;0;0;0;0;0;0;0;0;0;0;0;0;0;0;0;0;0;0;0;5;1;0;0;0;0;0;0;0;0;0;0;0;0;4;2;0;0;0;0;0;1;0;1;0;0;0;0;0;0;0;0;0;0;0;0;0;0;0;0;0;0;0;0;0;0;0;0;22;4;1;0;0;0;0;1;0;0;0;0;0;0;0;1;0;0;0;0;0;0;0;0;0;0;0;0;0;0;0;0;0;0;2;2;0;0;0;0;0;0;0;0;0;1;0;0;0;0;0;0;0
011;XI. IZBORNA JEDINICA;;inozemstvo;država;ITALIJA;002;biraèko mjesto broj 2 - MILANO;GENERALNI KONZULAT REPUBLIKE HRVATSKE U TALIJANSKOJ REPUBLICI;PIAZZALE LUIGI CADORNA 15/1, 20123 MILANO, ITALIJA;13;13;13;13;0;0;0;0;0;0;0;0;0;0;0;0;0;0;0;0;0;0;0;0;0;0;0;0;0;0;0;0;0;0;0;0;0;0;0;0;0;0;0;0;0;0;0;0;0;0;0;0;1;1;0;0;0;0;0;0;0;0;0;0;0;0;0;1;0;0;1;0;0;0;0;1;0;0;0;0;0;0;0;0;0;0;0;0;0;0;0;0;0;0;0;0;0;0;0;0;7;1;0;0;0;0;0;2;0;0;0;0;0;0;1;2;0;0;0;0;0;0;0;0;0;0;0;0;0;0;0;0;0;0;1;1;0;0;0;0;0;0;0;0;0;0;0;0;0;0;0;0;0
011;XI. IZBORNA JEDINICA;;inozemstvo;država;ITALIJA;003;biraèko mjesto broj 3 - TRST;GENERALNI KONZULAT REPUBLIKE HRVATSKE U TALIJANSKOJ REPUBLICI, TRST;PIAZZA GOLDONI 9, 34122 TRIESTE, ITALIJA;22;22;22;21;1;0;0;0;0;0;0;0;0;0;0;0;0;0;0;0;0;0;0;0;0;0;0;0;0;1;0;0;0;0;0;0;0;0;0;0;0;1;0;0;0;0;0;0;0;0;0;0;5;0;0;0;1;0;0;0;0;0;0;0;1;0;3;3;0;0;0;0;0;0;0;3;1;0;0;0;0;0;0;0;0;0;0;0;0;0;0;0;0;0;0;0;0;0;0;0;7;0;1;2;0;0;0;0;0;0;0;0;0;0;0;1;0;0;0;0;0;0;0;0;0;0;0;0;0;0;0;0;0;0;0;0;0;0;0;0;0;0;0;0;0;1;0;0;0;0;0;0;0
011;XI. IZBORNA JEDINICA;;inozemstvo;država;IZRAEL;001;biraèko mjesto broj 1 - TEL AVIV;VELEPOSLANSTVO REPUBLIKE HRVATSKE U DRŽAVI IZRAEL;2, WEITZMAN STREET, AMOT INVESTMENT BUILDING 8TH FLOOR, 64239 TEL AVIV, IZRAEL;4;4;4;4;0;0;0;0;0;0;0;0;0;0;0;0;0;0;0;0;0;0;0;0;0;0;0;0;0;0;0;0;0;0;0;0;0;0;0;0;0;0;0;0;0;0;0;0;0;0;0;0;0;0;0;0;0;0;0;0;0;0;0;0;0;0;0;0;0;0;0;0;0;0;0;0;0;0;0;0;0;0;0;0;0;0;0;0;0;0;0;0;0;0;0;0;0;0;0;0;1;0;0;0;0;0;0;0;0;0;0;0;0;0;0;3;1;0;0;0;0;0;0;0;0;0;0;0;0;0;0;0;0;0;0;0;0;0;0;0;0;0;0;0;0;0;0;0;0;0;0;0;0
011;XI. IZBORNA JEDINICA;;inozemstvo;država;JAPAN;001;biraèko mjesto broj 1 - TOKYO;VELEPOSLANSTVO REPUBLIKE HRVATSKE U JAPANU;3-3-10 HIROO, SHIBUYA-KU, TOKYO 150-0012, JAPAN;2;2;2;2;0;0;0;0;0;0;0;0;0;0;0;0;0;0;0;0;0;0;0;0;0;0;0;0;0;0;0;0;0;0;0;0;0;0;0;0;0;0;0;0;0;0;0;0;0;0;0;0;0;0;0;0;0;0;0;0;0;0;0;0;0;0;0;0;0;0;0;0;0;0;0;0;0;0;0;0;0;0;0;0;0;0;0;0;0;0;0;0;0;1;0;0;0;0;0;0;1;0;0;0;0;0;0;0;0;0;0;0;0;0;0;0;0;0;0;0;0;0;0;0;0;0;0;0;0;0;0;0;0;0;0;0;0;0;0;0;0;0;0;0;0;0;0;0;0;0;0;0;0
011;XI. IZBORNA JEDINICA;;inozemstvo;država;JUŽNOAFRIÈKA REPUBLIKA;001;biraèko mjesto broj 1 - PRETORIJA;VELEPOSLANSTVO REPUBLIKE HRVATSKE U JUŽNOAFRIÈKOJ REPUBLICI;1160 STANZA BOPAPE (CHURCH) STREET, 0083 COLBYN, 0028 HATFIELD, PRETORIA, JUŽNA AFRIKA;36;36;36;34;2;0;0;0;0;0;0;0;0;0;0;0;0;0;0;0;0;0;0;0;0;0;0;0;0;0;0;0;0;0;0;0;0;0;0;0;0;0;0;0;0;0;0;0;0;0;0;0;4;0;0;0;0;0;0;0;0;0;0;0;0;0;0;1;0;0;0;0;1;0;0;0;0;0;0;0;0;0;0;1;0;1;0;0;0;0;0;0;0;0;0;0;0;0;0;0;27;6;2;0;0;0;0;1;0;0;1;2;0;0;1;1;0;0;0;0;0;0;0;0;0;0;0;0;0;0;0;0;0;0;0;0;0;0;0;0;0;0;0;0;0;0;0;0;0;0;0;0;0
011;XI. IZBORNA JEDINICA;;inozemstvo;država;KANADA;001;biraèko mjesto broj 1 - OTTAWA;VELEPOSLANSTVO REPUBLIKE HRVATSKE U KANADI;229 CHAPEL STREET, OTTAWA, ONTARIO, K1N 7Y6, KANADA;32;32;32;32;0;0;0;0;0;0;0;0;0;0;1;0;0;0;0;0;0;0;0;0;1;0;0;0;0;0;0;0;0;0;0;0;0;0;0;0;0;0;0;0;1;0;0;0;0;0;0;0;2;0;0;0;0;0;0;0;0;0;0;0;1;0;0;0;0;0;0;0;0;0;0;1;0;0;0;0;0;0;0;2;2;0;0;0;0;0;0;0;0;0;0;0;0;0;0;0;14;2;1;1;0;0;0;1;0;1;0;0;0;0;1;0;0;0;0;0;0;0;0;0;0;0;0;0;0;0;0;0;0;0;11;10;0;0;1;0;0;0;0;0;0;0;0;0;0;0;0;0;0
011;XI. IZBORNA JEDINICA;;inozemstvo;država;KANADA;002;biraèko mjesto broj 2 - MISSISSAUGA;GENERALNI KONZULAT REPUBLIKE HRVATSKE U KANADI, MISSISSAUGA;918 DUNDAS STREET E., SUITE 302, MISSISSAUGA, ONTARIO L4Y 2B8, KANADA;227;227;227;221;6;1;0;0;0;1;0;0;0;0;0;0;0;0;0;0;0;0;0;0;0;0;0;0;0;1;0;0;0;0;0;0;0;1;0;0;0;0;0;0;1;0;0;0;0;0;0;0;4;0;0;0;0;0;0;0;0;0;0;0;0;0;0;2;1;0;1;0;0;0;0;0;0;0;0;0;0;0;0;0;0;0;0;0;0;0;0;0;0;0;0;0;0;0;0;0;178;51;8;11;2;0;1;5;4;4;2;1;1;1;7;1;0;0;0;0;0;0;0;0;0;0;0;0;0;0;0;0;0;0;32;32;0;0;0;0;0;0;0;0;0;1;1;0;0;0;0;0;0
011;XI. IZBORNA JEDINICA;;inozemstvo;država;KANADA;003;biraèko mjesto broj 3 - MISSISSAUGA;GENERALNI KONZULAT REPUBLIKE HRVATSKE U KANADI, MISSISSAUGA;918 DUNDAS STREET E., SUITE 302, MISSISSAUGA, ONTARIO L4Y 2B8, KANADA;153;153;153;152;1;1;0;0;0;0;0;0;1;0;1;0;0;0;0;0;0;0;0;0;0;0;0;0;0;0;0;0;0;0;0;0;0;0;0;0;0;0;0;0;1;0;0;0;0;0;0;0;3;0;0;0;0;0;0;0;0;0;0;1;0;0;0;0;0;0;0;0;0;0;0;0;0;0;0;0;0;0;0;0;0;0;0;0;0;0;0;0;0;0;0;0;0;0;0;0;120;27;8;14;2;1;0;4;1;1;0;1;3;1;7;0;0;0;0;0;0;0;0;0;0;0;0;0;0;0;0;0;0;0;25;25;0;0;0;0;0;0;0;0;0;1;1;0;0;0;0;0;0
011;XI. IZBORNA JEDINICA;;inozemstvo;država;KATAR;001;biraèko mjesto broj 1 - DOHA;VELEPOSLANSTVO REPUBLIKE HRVATSKE U DRŽAVI KATAR;WADI AL HUMRA 807 ST. SAHA 96, BUILDING NO. 3 AL DAFNA AREA, DOHA, KATAR P.O. BOX 23150;1;1;1;1;0;0;0;0;0;0;0;0;0;0;1;0;0;0;0;0;0;0;0;0;0;0;0;0;0;0;0;0;0;0;0;0;0;0;0;0;0;0;0;0;0;0;0;0;0;0;0;0;0;0;0;0;0;0;0;0;0;0;0;0;0;0;0;0;0;0;0;0;0;0;0;0;0;0;0;0;0;0;0;0;0;0;0;0;0;0;0;0;0;0;0;0;0;0;0;0;0;0;0;0;0;0;0;0;0;0;0;0;0;0;0;0;0;0;0;0;0;0;0;0;0;0;0;0;0;0;0;0;0;0;0;0;0;0;0;0;0;0;0;0;0;0;0;0;0;0;0;0;0
011;XI. IZBORNA JEDINICA;;inozemstvo;država;KINA;001;biraèko mjesto broj 1 - PEKING;VELEPOSLANSTVO REPUBLIKE HRVATSKE U NARODNOJ REPUBLICI KINI;SAN LI TUN DIPLOMATIC OFFICE BUILDING 2-7-2, 100600 BEIJING, NR KINA;0;0;0;0;0;0;0;0;0;0;0;0;0;0;0;0;0;0;0;0;0;0;0;0;0;0;0;0;0;0;0;0;0;0;0;0;0;0;0;0;0;0;0;0;0;0;0;0;0;0;0;0;0;0;0;0;0;0;0;0;0;0;0;0;0;0;0;0;0;0;0;0;0;0;0;0;0;0;0;0;0;0;0;0;0;0;0;0;0;0;0;0;0;0;0;0;0;0;0;0;0;0;0;0;0;0;0;0;0;0;0;0;0;0;0;0;0;0;0;0;0;0;0;0;0;0;0;0;0;0;0;0;0;0;0;0;0;0;0;0;0;0;0;0;0;0;0;0;0;0;0;0;0
011;XI. IZBORNA JEDINICA;;inozemstvo;država;KOSOVO;001;biraèko mjesto broj 1 - PRIŠTINA;VELEPOSLANSTVO REPUBLIKE HRVATSKE U REPUBLICI KOSOVO;FEHMI AGANI 125 PRISHTINË, KOSOVO;11;11;11;10;1;0;0;0;0;0;0;0;0;0;0;0;0;0;0;0;0;0;0;0;0;0;0;0;0;0;0;0;0;0;0;0;0;0;0;0;0;0;0;0;0;0;0;0;0;0;0;0;0;0;0;0;0;0;0;0;0;0;0;0;0;0;0;0;0;0;0;0;0;0;0;0;0;0;0;0;0;0;0;0;0;0;0;0;0;0;0;0;0;2;0;1;0;0;1;0;8;4;1;0;0;0;0;1;0;0;0;0;0;0;0;0;0;0;0;0;0;0;0;0;0;0;0;0;0;0;0;0;0;0;0;0;0;0;0;0;0;0;0;0;0;0;0;0;0;0;0;0;0
011;XI. IZBORNA JEDINICA;;inozemstvo;država;MAÐARSKA;001;biraèko mjesto broj 1 - BUDIMPEŠTA;VELEPOSLANSTVO REPUBLIKE HRVATSKE U MAÐARSKOJ;MUNKÁCSY MIHÁLY U. 15, 1063 BUDAPEST, MAÐARSKA;16;16;16;15;1;0;0;0;0;0;0;0;0;0;0;0;0;0;0;0;0;0;0;0;0;0;0;0;0;0;0;0;0;0;0;0;0;0;0;0;0;0;0;0;0;0;0;0;0;0;0;0;2;1;0;0;0;0;0;0;0;0;0;0;0;0;0;1;0;0;0;0;0;0;0;1;0;0;0;0;0;0;1;0;0;0;0;0;0;0;0;0;0;0;0;0;0;0;0;0;9;1;1;0;0;0;0;0;0;0;0;0;1;0;0;1;0;0;0;0;0;0;0;0;0;0;0;0;0;0;0;0;0;0;1;1;0;0;0;0;0;0;0;0;0;0;0;0;0;0;0;0;0
011;XI. IZBORNA JEDINICA;;inozemstvo;država;MAÐARSKA;002;biraèko mjesto broj 2 - PEÈUH;GENERALNI KONZULAT REPUBLIKE HRVATSKE U MAÐARSKOJ;IFJUSAG 11, 7624 PECS, MAÐARSKA;16;16;16;16;0;2;1;1;0;0;0;0;0;0;2;0;0;0;0;0;0;0;0;0;0;0;0;0;0;0;0;0;0;0;0;0;0;0;0;0;0;0;0;0;0;0;0;0;0;0;0;0;1;0;0;0;0;0;0;0;0;0;0;0;0;0;0;0;0;0;0;0;0;0;0;1;0;0;0;0;0;0;0;0;0;0;0;0;0;0;0;0;0;0;0;0;0;0;0;0;10;1;1;1;0;0;0;1;0;0;0;0;0;0;0;0;0;0;0;0;0;0;0;0;0;0;0;0;0;0;0;0;0;0;0;0;0;0;0;0;0;0;0;0;0;0;0;0;0;0;0;0;0
011;XI. IZBORNA JEDINICA;;inozemstvo;država;MAKEDONIJA;001;biraèko mjesto broj 1 - SKOPJE;VELEPOSLANSTVO REPUBLIKE HRVATSKE U REPUBLICI MAKEDONIJI;BUKUREŠKA 91, 1000 SKOPJE, MAKEDONIJA;89;89;89;87;2;2;0;0;0;0;0;0;1;0;6;3;0;1;0;0;0;0;0;0;0;0;0;0;0;3;1;1;0;0;0;0;0;0;0;0;0;0;0;0;1;0;0;0;1;0;0;0;11;2;0;0;0;0;0;0;0;2;0;0;0;0;0;0;0;0;0;0;0;0;0;0;0;0;0;0;0;0;0;2;1;0;0;0;0;0;0;0;0;2;0;0;0;0;1;1;52;3;2;0;1;0;0;1;1;0;0;0;0;13;2;5;2;0;0;0;1;0;0;0;1;0;0;0;0;0;0;0;0;0;1;0;0;0;0;0;0;0;0;0;0;2;1;0;0;0;0;0;0
011;XI. IZBORNA JEDINICA;;inozemstvo;država;NIZOZEMSKA;001;biraèko mjesto broj 1 - HAAG;VELEPOSLANSTVO REPUBLIKE HRVATSKE U KRALJEVINI NIZOZEMSKOJ;AMALIASTRAAT 16, NL-2514 JC DEN HAAG, NIZOZEMSKA;45;45;45;41;4;0;0;0;0;0;0;0;0;0;0;0;0;0;0;0;0;0;0;0;0;0;0;0;0;1;0;0;0;0;0;0;0;0;0;0;0;0;0;0;0;0;0;0;0;0;0;0;2;0;0;0;0;0;0;0;0;0;0;0;0;0;0;8;0;0;2;0;0;0;0;0;0;0;0;0;0;0;0;0;0;0;0;0;0;0;0;0;0;0;0;0;0;0;0;0;18;7;1;0;0;0;0;3;1;0;0;0;1;0;0;3;1;0;0;0;0;0;0;0;0;0;0;0;0;0;0;0;0;0;8;8;0;0;0;0;0;0;0;0;0;1;0;0;0;0;0;0;0
011;XI. IZBORNA JEDINICA;;inozemstvo;država;NORVEŠKA;001;biraèko mjesto broj 1 - OSLO;VELEPOSLANSTVO REPUBLIKE HRVATSKE U KRALJEVINI NORVEŠKOJ;DRAMMENSVEIEN 82, 0244 OSLO, NORVEŠKA;9;9;9;7;2;0;0;0;0;0;0;0;0;0;1;0;0;0;0;0;0;0;0;0;0;0;0;0;0;0;0;0;0;0;0;0;0;0;0;0;0;0;0;0;0;0;0;0;0;0;0;0;1;0;0;0;0;0;0;0;0;0;0;0;0;0;0;1;1;0;0;0;0;0;0;2;0;0;0;1;0;1;0;0;0;0;0;0;0;0;0;0;0;0;0;0;0;0;0;0;1;0;0;0;0;0;0;0;0;1;0;0;0;0;0;1;0;0;0;0;0;0;0;0;0;0;0;0;0;0;0;0;0;0;0;0;0;0;0;0;0;0;0;0;0;0;0;0;0;0;0;0;0
011;XI. IZBORNA JEDINICA;;inozemstvo;država;NJEMAÈKA;001;biraèko mjesto broj 1 - BERLIN;VELEPOSLANSTVO REPUBLIKE HRVATSKE U SAVEZNOJ REPUBLICI NJEMAÈKOJ;AHORNSTRASSE 4, 10787 BERLIN, SR NJEMAÈKA;79;79;79;75;4;1;0;0;1;0;0;0;0;0;1;0;0;0;0;0;0;0;0;0;0;0;0;0;0;1;0;1;0;0;0;0;0;0;0;0;0;0;0;0;2;0;0;0;0;0;1;1;6;1;0;0;0;0;0;0;0;0;0;1;1;0;0;0;0;0;0;0;0;0;0;3;0;0;0;0;0;0;0;0;0;0;0;0;0;0;0;0;0;0;0;0;0;0;0;0;39;14;2;0;0;3;0;3;1;0;0;0;1;0;3;3;1;0;0;0;0;0;1;0;0;0;0;0;0;0;0;0;0;0;18;18;0;0;0;0;0;0;0;0;0;1;0;0;0;1;0;0;0
011;XI. IZBORNA JEDINICA;;inozemstvo;država;NJEMAÈKA;002;biraèko mjesto broj 2 - BERLIN;VELEPOSLANSTVO REPUBLIKE HRVATSKE U SAVEZNOJ REPUBLICI NJEMAÈKOJ;AHORNSTRASSE 4, 10787 BERLIN, SR NJEMAÈKA;101;101;101;100;1;1;0;0;0;0;0;0;0;0;2;1;0;0;0;0;0;0;0;0;0;0;0;0;0;0;0;0;0;0;0;0;0;0;0;0;0;0;0;0;1;0;0;0;0;0;0;0;10;3;0;0;0;0;1;1;0;0;1;0;0;0;0;2;2;0;0;0;0;0;0;1;0;0;0;0;0;0;1;0;0;0;0;0;0;0;0;0;0;1;0;0;0;0;1;0;50;11;1;1;0;3;0;2;6;0;0;1;0;0;5;2;1;0;0;0;0;0;0;0;0;0;0;0;0;0;0;0;0;0;30;20;0;0;0;0;8;0;0;0;0;0;0;0;0;0;0;0;0
011;XI. IZBORNA JEDINICA;;inozemstvo;država;NJEMAÈKA;003;biraèko mjesto broj 3 - DÜSSELDORF;GENERALNI KONZULAT REPUBLIKE HRVATSKE U SAVEZNOJ REPUBLICI NJEMAÈKOJ, DÜSSELDORF;CARLSPLATZ 14-15, 40213 DÜSSELDORF, SR NJEMAÈKA;130;130;130;129;1;0;0;0;0;0;0;0;0;0;0;0;0;0;0;0;0;0;0;0;0;0;0;0;0;0;0;0;0;0;0;0;0;0;0;0;0;0;0;0;1;0;0;0;0;1;0;0;10;1;0;0;0;0;0;0;0;0;0;0;0;0;0;0;0;0;0;0;0;0;0;1;0;0;1;0;0;0;0;0;0;0;0;0;0;0;0;0;0;0;0;0;0;0;0;0;86;24;8;1;0;1;0;0;5;0;1;0;0;0;1;0;0;0;0;0;0;0;0;0;0;0;0;0;0;0;0;0;0;0;30;30;0;0;0;0;0;0;0;0;0;1;0;0;0;0;0;0;0
011;XI. IZBORNA JEDINICA;;inozemstvo;država;NJEMAÈKA;004;biraèko mjesto broj 4 - DÜSSELDORF;GENERALNI KONZULAT REPUBLIKE HRVATSKE U SAVEZNOJ REPUBLICI NJEMAÈKOJ, DÜSSELDORF;CARLSPLATZ 14-15, 40213 DÜSSELDORF, SR NJEMAÈKA;180;180;180;179;1;1;1;0;0;0;0;0;0;0;1;1;0;0;0;0;0;0;0;0;0;0;0;0;0;5;0;1;0;0;0;0;0;0;0;0;0;1;0;0;0;0;0;0;0;0;0;0;5;0;0;0;0;0;0;0;1;2;0;0;0;0;0;1;0;0;0;0;0;0;0;1;1;0;0;0;0;0;0;0;0;0;0;0;0;0;0;0;0;0;0;0;0;0;0;0;106;28;5;1;2;5;2;4;1;1;0;0;0;0;1;0;0;0;0;0;0;0;0;0;0;0;0;0;0;0;0;0;0;0;58;55;0;2;0;0;0;0;0;0;0;1;0;0;0;0;0;0;0
011;XI. IZBORNA JEDINICA;;inozemstvo;država;NJEMAÈKA;005;biraèko mjesto broj 5 - FRANKFURT;GENERALNI KONZULAT REPUBLIKE HRVATSKE U SAVEZNOJ REPUBLICI NJEMAÈKOJ, FRANKFURT;AM WEINGARTEN 25, 60487 FRANKFURT/M, SR NJEMAÈKA;234;234;234;231;3;2;0;0;0;0;0;0;0;0;6;0;0;3;0;0;0;0;1;0;0;0;0;0;0;2;1;0;0;0;0;0;0;0;0;0;0;0;0;0;3;0;0;0;0;2;0;0;13;0;0;0;0;0;0;0;1;0;0;0;0;0;0;2;0;0;0;1;0;0;0;1;0;0;0;0;0;0;0;0;0;0;0;0;0;0;0;0;0;2;0;1;0;0;0;0;142;29;11;5;0;2;3;2;4;4;0;1;1;0;6;5;0;0;0;0;1;1;0;0;0;0;0;0;0;0;0;0;0;0;53;52;0;0;0;0;0;0;0;0;0;0;0;0;0;0;0;0;0
011;XI. IZBORNA JEDINICA;;inozemstvo;država;NJEMAÈKA;006;biraèko mjesto broj 6 - FRANKFURT;GENERALNI KONZULAT REPUBLIKE HRVATSKE U SAVEZNOJ REPUBLICI NJEMAÈKOJ, FRANKFURT;AM WEINGARTEN 25, 60487 FRANKFURT/M, SR NJEMAÈKA;144;144;144;142;2;0;0;0;0;0;0;0;0;0;0;0;0;0;0;0;0;0;0;0;0;0;0;0;0;0;0;0;0;0;0;0;0;0;0;0;0;0;0;0;0;0;0;0;0;0;0;0;7;0;0;0;0;0;1;0;0;0;0;0;0;1;1;0;0;0;0;0;0;0;0;2;0;0;0;0;1;1;0;0;0;0;0;0;0;0;0;0;0;0;0;0;0;0;0;0;95;19;9;5;1;1;2;1;1;2;0;0;1;1;1;0;0;0;0;0;0;0;0;0;0;0;0;0;0;0;0;0;0;0;38;36;0;0;1;1;0;0;0;0;0;0;0;0;0;0;0;0;0
011;XI. IZBORNA JEDINICA;;inozemstvo;država;NJEMAÈKA;007;biraèko mjesto broj 7 - FRANKFURT;GENERALNI KONZULAT REPUBLIKE HRVATSKE U SAVEZNOJ REPUBLICI NJEMAÈKOJ, FRANKFURT;AM WEINGARTEN 25, 60487 FRANKFURT/M, SR NJEMAÈKA;108;108;108;108;0;0;0;0;0;0;0;0;0;0;2;1;0;0;0;0;0;0;0;0;0;0;1;0;0;3;1;0;0;0;0;0;0;0;0;0;0;0;0;0;0;0;0;0;0;0;0;0;5;1;0;0;0;0;0;0;0;1;0;0;0;0;0;2;1;0;0;0;0;0;0;1;0;0;0;0;0;0;0;0;0;0;0;0;0;0;0;0;0;0;0;0;0;0;0;0;75;17;0;0;1;2;0;2;3;1;1;1;0;1;2;1;0;0;0;0;0;0;0;0;0;0;0;0;0;0;0;0;0;0;19;16;0;0;0;0;0;0;0;0;0;0;0;0;0;0;0;0;0
011;XI. IZBORNA JEDINICA;;inozemstvo;država;NJEMAÈKA;008;biraèko mjesto broj 8 - HAMBURG;GENERALNI KONZULAT REPUBLIKE HRVATSKE U SAVEZNOJ REPUBLICI NJEMAÈKOJ, HAMBURG;HERMANNSTR. 16, 20095 HAMBURG, SR NJEMAÈKA;142;142;141;138;3;0;0;0;0;0;0;0;0;0;2;0;0;0;0;1;0;0;0;0;0;0;0;0;0;1;0;0;0;0;0;0;0;0;0;0;0;0;0;0;4;0;0;0;1;0;0;0;8;0;0;1;2;0;0;1;0;0;0;0;0;0;0;1;0;1;0;0;0;0;0;2;1;0;0;0;0;1;0;0;0;0;0;0;0;0;0;0;0;0;0;0;0;0;0;0;98;12;5;6;4;1;1;2;5;2;2;0;0;0;3;7;2;1;0;0;0;0;0;1;0;0;0;0;0;0;0;0;0;0;15;15;0;0;0;0;0;0;0;0;0;0;0;0;0;0;0;0;0
011;XI. IZBORNA JEDINICA;;inozemstvo;država;NJEMAÈKA;009;biraèko mjesto broj 9 - MÜNCHEN;GENERALNI KONZULAT REPUBLIKE HRVATSKE U SAVEZNOJ REPUBLICI NJEMAÈKOJ, MÜNCHEN;OBERFÖHRINGER STRASSE 6, 81679 MÜNCHEN, SR NJEMAÈKA;124;124;124;123;1;0;0;0;0;0;0;0;0;0;2;1;0;0;0;0;0;0;1;0;0;0;0;0;0;1;0;0;0;0;0;0;0;0;0;0;0;0;0;0;1;0;0;0;0;0;0;0;9;3;0;0;0;0;0;0;0;0;0;0;0;0;0;2;0;1;0;0;0;0;0;0;0;0;0;0;0;0;0;1;0;0;0;0;0;0;0;0;0;0;0;0;0;0;0;0;80;16;5;2;2;3;0;5;3;0;1;1;2;1;4;0;0;0;0;0;0;0;0;0;0;0;0;0;0;0;0;0;0;0;27;25;1;0;0;0;0;0;0;0;0;0;0;0;0;0;0;0;0
011;XI. IZBORNA JEDINICA;;inozemstvo;država;NJEMAÈKA;010;biraèko mjesto broj 10 - MÜNCHEN;GENERALNI KONZULAT REPUBLIKE HRVATSKE U SAVEZNOJ REPUBLICI NJEMAÈKOJ, MÜNCHEN;OBERFÖHRINGER STRASSE 6, 81679 MÜNCHEN, SR NJEMAÈKA;116;116;115;113;2;1;0;0;0;0;0;0;0;0;1;1;0;0;0;0;0;0;0;0;0;0;0;0;0;0;0;0;0;0;0;0;0;0;0;0;0;0;0;0;0;0;0;0;0;0;0;0;5;1;0;0;0;0;0;0;0;0;0;0;0;1;0;0;0;0;0;0;0;0;0;2;0;1;0;0;0;0;0;1;0;0;0;0;0;0;0;0;0;0;0;0;0;0;0;0;81;15;3;2;2;1;2;2;2;0;2;0;2;1;2;2;0;0;0;0;0;0;0;0;0;0;0;0;0;0;0;0;0;0;19;19;0;0;0;0;0;0;0;0;0;1;0;0;0;0;0;0;0
011;XI. IZBORNA JEDINICA;;inozemstvo;država;NJEMAÈKA;011;biraèko mjesto broj 11 - MÜNCHEN;GENERALNI KONZULAT REPUBLIKE HRVATSKE U SAVEZNOJ REPUBLICI NJEMAÈKOJ, MÜNCHEN;OBERFÖHRINGER STRASSE 6, 81679 MÜNCHEN, SR NJEMAÈKA;113;113;112;111;1;1;1;0;0;0;0;0;0;0;1;0;0;0;0;0;0;0;0;0;0;0;0;0;0;3;0;0;3;0;0;0;0;0;0;0;0;0;0;0;0;0;0;0;0;0;0;0;6;0;0;0;0;0;0;0;0;0;0;0;0;0;0;3;1;1;0;0;0;0;0;1;0;0;1;0;0;0;0;0;0;0;0;0;0;0;0;0;0;0;0;0;0;0;0;0;60;16;5;3;3;0;1;5;1;0;0;0;2;0;3;3;1;0;0;0;0;0;0;0;0;0;0;1;0;0;0;0;0;0;32;30;2;0;0;0;0;0;0;0;0;0;0;0;0;0;0;0;0
011;XI. IZBORNA JEDINICA;;inozemstvo;država;NJEMAÈKA;012;biraèko mjesto broj 12 - MÜNCHEN;GENERALNI KONZULAT REPUBLIKE HRVATSKE U SAVEZNOJ REPUBLICI NJEMAÈKOJ, MÜNCHEN;OBERFÖHRINGER STRASSE 6, 81679 MÜNCHEN, SR NJEMAÈKA;121;121;121;119;2;2;0;0;0;0;0;0;0;0;1;0;0;0;0;0;0;0;0;0;0;0;0;0;0;2;0;0;0;0;0;0;0;0;0;0;0;0;0;0;2;0;0;0;0;1;1;0;3;1;0;0;0;0;0;0;0;1;0;1;0;0;0;0;0;0;0;0;0;0;0;0;0;0;0;0;0;0;0;1;0;0;0;0;0;0;0;0;0;0;0;0;0;0;0;0;84;24;3;0;1;1;1;1;2;2;3;0;1;0;0;1;0;0;0;0;0;0;0;0;0;0;0;0;0;0;0;0;0;0;23;22;0;0;0;0;0;0;0;0;0;0;0;0;0;0;0;0;0
011;XI. IZBORNA JEDINICA;;inozemstvo;država;NJEMAÈKA;013;biraèko mjesto broj 13 - STUTTGART;GENERALNI KONZULAT REPUBLIKE HRVATSKE U SAVEZNOJ REPUBLICI NJEMAÈKOJ, STUTTGART;LIEBENZELLER STRASSE 5, 70372 STUTTGART (BAD CANNSTATT), SR NJEMAÈKA;194;194;193;193;0;1;0;0;0;0;0;0;0;0;0;0;0;0;0;0;0;0;0;0;0;0;0;0;0;0;0;0;0;0;0;0;0;0;0;0;0;0;0;0;2;0;0;0;0;1;1;0;8;2;0;0;1;0;0;0;0;0;0;0;0;0;0;0;0;0;0;0;0;0;0;2;0;0;0;0;0;0;1;1;0;0;0;0;0;0;0;0;0;1;0;0;0;0;0;0;145;42;11;5;3;4;2;3;4;4;1;0;0;1;1;1;0;0;0;0;0;0;0;0;0;0;0;0;0;0;0;0;0;0;32;32;0;0;0;0;0;0;0;0;0;0;0;0;0;0;0;0;0
011;XI. IZBORNA JEDINICA;;inozemstvo;država;NJEMAÈKA;014;biraèko mjesto broj 14 - STUTTGART;GENERALNI KONZULAT REPUBLIKE HRVATSKE U SAVEZNOJ REPUBLICI NJEMAÈKOJ, STUTTGART;LIEBENZELLER STRASSE 5, 70372 STUTTGART (BAD CANNSTATT), SR NJEMAÈKA;145;145;145;145;0;0;0;0;0;0;0;0;0;0;1;1;0;0;0;0;0;0;0;0;0;0;0;0;0;0;0;0;0;0;0;0;0;0;0;0;0;0;0;0;0;0;0;0;0;0;0;0;5;1;0;0;0;0;0;0;0;0;0;0;0;0;0;0;0;0;0;0;0;0;0;2;1;0;0;0;0;0;0;0;0;0;0;0;0;0;0;0;0;1;0;0;0;0;0;0;117;31;9;9;0;1;0;3;2;0;1;1;1;1;4;0;0;0;0;0;0;0;0;0;0;0;0;0;0;0;0;0;0;0;19;17;0;0;0;0;0;0;0;0;0;0;0;0;0;0;0;0;0
011;XI. IZBORNA JEDINICA;;inozemstvo;država;NJEMAÈKA;015;biraèko mjesto broj 15 - STUTTGART;GENERALNI KONZULAT REPUBLIKE HRVATSKE U SAVEZNOJ REPUBLICI NJEMAÈKOJ, STUTTGART;LIEBENZELLER STRASSE 5, 70372 STUTTGART (BAD CANNSTATT), SR NJEMAÈKA;119;119;119;119;0;0;0;0;0;0;0;0;0;0;0;0;0;0;0;0;0;0;0;0;0;0;0;0;0;0;0;0;0;0;0;0;0;0;0;0;0;0;0;0;4;0;0;0;0;0;0;0;4;0;0;0;0;0;0;0;0;0;0;0;0;0;0;0;0;0;0;0;0;0;0;0;0;0;0;0;0;0;0;0;0;0;0;0;0;0;0;0;0;0;0;0;0;0;0;0;91;34;7;3;1;1;0;5;1;1;0;0;0;0;0;2;0;0;0;0;0;0;0;0;0;0;0;1;0;0;0;0;0;1;17;16;0;0;0;0;0;0;0;0;0;0;0;0;0;0;0;0;0
011;XI. IZBORNA JEDINICA;;inozemstvo;država;NJEMAÈKA;016;biraèko mjesto broj 16 - STUTTGART;GENERALNI KONZULAT REPUBLIKE HRVATSKE U SAVEZNOJ REPUBLICI NJEMAÈKOJ, STUTTGART;LIEBENZELLER STRASSE 5, 70372 STUTTGART (BAD CANNSTATT), SR NJEMAÈKA;124;124;124;124;0;0;0;0;0;0;0;0;0;0;2;0;0;0;0;0;0;0;0;0;0;0;0;0;0;0;0;0;0;0;0;0;0;0;0;0;0;0;0;0;0;0;0;0;0;0;0;0;5;0;0;0;1;0;0;0;0;0;1;0;0;0;0;0;0;0;0;0;0;0;0;0;0;0;0;0;0;0;0;1;0;0;0;0;0;0;0;0;0;0;0;0;0;0;0;0;99;29;11;2;1;0;2;5;2;2;2;0;0;1;4;3;1;0;0;0;0;1;0;0;0;0;0;1;0;0;0;0;0;1;13;13;0;0;0;0;0;0;0;0;0;0;0;0;0;0;0;0;0
011;XI. IZBORNA JEDINICA;;inozemstvo;država;NJEMAÈKA;017;biraèko mjesto broj 17 - STUTTGART;GENERALNI KONZULAT REPUBLIKE HRVATSKE U SAVEZNOJ REPUBLICI NJEMAÈKOJ, STUTTGART;LIEBENZELLER STRASSE 5, 70372 STUTTGART (BAD CANNSTATT), SR NJEMAÈKA;127;127;127;126;1;2;1;0;0;0;0;0;0;1;1;1;0;0;0;0;0;0;0;0;0;0;0;0;0;1;1;0;0;0;0;0;0;0;0;0;0;0;0;0;1;1;0;0;0;0;0;0;10;1;0;0;0;0;2;1;0;0;0;0;0;0;0;4;2;0;1;0;0;0;0;0;0;0;0;0;0;0;0;0;0;0;0;0;0;0;0;0;0;1;0;0;0;0;0;1;80;22;6;4;7;0;1;5;0;0;0;0;1;0;1;2;1;0;0;0;0;0;0;0;0;0;0;1;1;0;0;0;0;0;23;22;0;0;0;1;0;0;0;0;0;0;0;0;0;0;0;0;0
011;XI. IZBORNA JEDINICA;;inozemstvo;država;POLJSKA;001;biraèko mjesto broj 1 - VARŠAVA;VELEPOSLANSTVO REPUBLIKE HRVATSKE U REPUBLICI POLJSKOJ;IGNACEGO KRASICKIEGO 25, 02-611 WARSZAWA, POLJSKA;3;3;3;3;0;0;0;0;0;0;0;0;0;0;1;1;0;0;0;0;0;0;0;0;0;0;0;0;0;0;0;0;0;0;0;0;0;0;0;0;0;0;0;0;0;0;0;0;0;0;0;0;0;0;0;0;0;0;0;0;0;0;0;0;0;0;0;0;0;0;0;0;0;0;0;1;0;0;0;0;0;0;0;0;0;0;0;0;0;0;0;0;0;0;0;0;0;0;0;0;0;0;0;0;0;0;0;0;0;0;0;0;0;0;0;0;0;0;0;0;0;0;0;0;0;0;0;0;0;0;0;0;0;0;1;0;0;0;0;0;1;0;0;0;0;0;0;0;0;0;0;0;0
011;XI. IZBORNA JEDINICA;;inozemstvo;država;PORTUGAL;001;biraèko mjesto broj 1 - LISABON;VELEPOSLANSTVO REPUBLIKE HRVATSKE U PORTUGALSKOJ REPUBLICI;RUA D. LOURENCO DE ALMEIDA 24, 1400-126 LISBOA, PORTUGAL;2;2;2;2;0;0;0;0;0;0;0;0;0;0;0;0;0;0;0;0;0;0;0;0;0;0;0;0;0;0;0;0;0;0;0;0;0;0;0;0;0;0;0;0;0;0;0;0;0;0;0;0;0;0;0;0;0;0;0;0;0;0;0;0;0;0;0;0;0;0;0;0;0;0;0;1;0;0;0;0;0;0;0;0;0;0;0;0;0;0;0;0;0;0;0;0;0;0;0;0;0;0;0;0;0;0;0;0;0;0;0;0;0;0;0;1;0;0;0;0;0;0;0;0;0;0;0;0;0;0;0;0;0;0;0;0;0;0;0;0;0;0;0;0;0;0;0;0;0;0;0;0;0
011;XI. IZBORNA JEDINICA;;inozemstvo;država;RUMUNJSKA;001;biraèko mjesto broj 1 - BUKUREŠT;VELEPOSLANSTVO REPUBLIKE HRVATSKE U RUMUNJSKOJ;ST.R DR. BURGHELEA NR. 1, SECTOR 2, BUCURESTI, RUMUNJSKA;0;0;0;0;0;0;0;0;0;0;0;0;0;0;0;0;0;0;0;0;0;0;0;0;0;0;0;0;0;0;0;0;0;0;0;0;0;0;0;0;0;0;0;0;0;0;0;0;0;0;0;0;0;0;0;0;0;0;0;0;0;0;0;0;0;0;0;0;0;0;0;0;0;0;0;0;0;0;0;0;0;0;0;0;0;0;0;0;0;0;0;0;0;0;0;0;0;0;0;0;0;0;0;0;0;0;0;0;0;0;0;0;0;0;0;0;0;0;0;0;0;0;0;0;0;0;0;0;0;0;0;0;0;0;0;0;0;0;0;0;0;0;0;0;0;0;0;0;0;0;0;0;0
011;XI. IZBORNA JEDINICA;;inozemstvo;država;RUSIJA;001;biraèko mjesto broj 1 - MOSKVA;VELEPOSLANSTVO REPUBLIKE HRVATSKE U RUSKOJ FEDERACIJI;KOROBEJNIKOV PEREULOK 16/10 119034 MOSKVA, RUSKA FEDERACIJA;5;5;5;4;1;0;0;0;0;0;0;0;0;0;1;1;0;0;0;0;0;0;0;0;0;0;0;0;0;0;0;0;0;0;0;0;0;0;0;0;0;0;0;0;0;0;0;0;0;0;0;0;0;0;0;0;0;0;0;0;0;0;0;0;0;0;0;0;0;0;0;0;0;0;0;0;0;0;0;0;0;0;0;0;0;0;0;0;0;0;0;0;0;0;0;0;0;0;0;0;2;1;0;0;0;0;0;0;0;0;0;0;0;0;1;0;0;0;0;0;0;0;0;0;0;0;0;0;0;0;0;0;0;0;1;1;0;0;0;0;0;0;0;0;0;0;0;0;0;0;0;0;0
011;XI. IZBORNA JEDINICA;;inozemstvo;država;SAD;001;biraèko mjesto broj 1 - WASHINGTON;VELEPOSLANSTVO REPUBLIKE HRVATSKE U SJEDINJENIM AMERIÈKIM DRŽAVAMA;2343 MASSACHUSETTS AVE., NW WASHINGTON DC 20008-2803, SAD;9;9;9;9;0;0;0;0;0;0;0;0;0;0;0;0;0;0;0;0;0;0;0;0;0;0;0;0;0;0;0;0;0;0;0;0;0;0;0;0;0;0;0;0;0;0;0;0;0;0;0;0;1;1;0;0;0;0;0;0;0;0;0;0;0;0;0;1;0;0;0;0;0;0;0;0;0;0;0;0;0;0;0;0;0;0;0;0;0;0;0;0;0;0;0;0;0;0;0;0;6;0;0;0;1;0;0;0;0;0;0;0;0;0;0;1;0;0;0;0;0;0;0;1;0;0;0;0;0;0;0;0;0;0;0;0;0;0;0;0;0;0;0;0;0;0;0;0;0;0;0;0;0
011;XI. IZBORNA JEDINICA;;inozemstvo;država;SAD;002;biraèko mjesto broj 2 - CHICAGO;GENERALNI KONZULAT REPUBLIKE HRVATSKE U SJEDINJENIM AMERIÈKIM DRŽAVAMA, CHICAGO;737 NORTH MICHIGAN AVENUE,  SUITE 1030, CHICAGO, ILINOIS 60611, SAD;80;80;80;80;0;0;0;0;0;0;0;0;0;0;1;0;0;0;0;0;0;0;0;0;0;0;0;0;0;2;0;0;1;0;0;0;0;0;0;0;0;0;0;0;0;0;0;0;0;0;0;0;3;1;0;0;0;0;0;0;0;0;0;0;0;0;0;0;0;0;0;0;0;0;0;2;0;0;1;0;0;0;0;0;0;0;0;0;0;0;0;0;0;1;0;1;0;0;0;0;46;7;2;1;0;1;0;1;1;0;0;0;2;0;0;4;0;0;0;0;2;0;0;1;0;0;0;0;0;0;0;0;0;0;20;20;0;0;0;0;0;0;0;0;0;1;0;0;0;0;0;0;0
011;XI. IZBORNA JEDINICA;;inozemstvo;država;SAD;003;biraèko mjesto broj 3 - LOS ANGELES;GENERALNI KONZULAT REPUBLIKE HRVATSKE U SJEDINJENIM AMERIÈKIM DRŽAVAMA, LOS ANGELES;11766 WILSHIRE BOULEVARD , SUITE 1250, LOS ANGELES CA 90025, SAD;31;31;31;31;0;0;0;0;0;0;0;0;0;0;0;0;0;0;0;0;0;0;0;0;0;0;0;0;0;1;0;0;0;0;0;0;0;0;0;0;0;0;0;0;0;0;0;0;0;0;0;0;0;0;0;0;0;0;0;0;0;0;0;0;0;0;0;0;0;0;0;0;0;0;0;0;0;0;0;0;0;0;0;0;0;0;0;0;0;0;0;0;0;0;0;0;0;0;0;0;24;11;1;0;0;0;0;0;1;0;0;0;0;0;0;1;0;0;0;0;0;0;0;0;0;0;0;0;0;0;0;0;0;0;5;5;0;0;0;0;0;0;0;0;0;0;0;0;0;0;0;0;0
011;XI. IZBORNA JEDINICA;;inozemstvo;država;SAD;004;biraèko mjesto broj 4 - NEW YORK;GENERALNI KONZULAT REPUBLIKE HRVATSKE U SJEDINJENIM AMERIÈKIM DRŽAVAMA, NEW YORK;369 LEXINGTON AVENUE 11TH FLOOR, NEW YORK, NY 10017, SAD;29;29;29;29;0;0;0;0;0;0;0;0;0;0;0;0;0;0;0;0;0;0;0;0;0;0;0;0;0;1;0;0;0;0;0;0;0;0;0;0;0;0;0;0;0;0;0;0;0;0;0;0;3;1;0;0;0;0;0;0;0;0;0;0;0;1;0;1;0;0;1;0;0;0;0;0;0;0;0;0;0;0;0;0;0;0;0;0;0;0;0;0;0;0;0;0;0;0;0;0;21;1;1;2;0;0;0;1;0;0;0;0;1;0;0;0;0;0;0;0;0;0;0;0;0;0;0;0;0;0;0;0;0;0;3;3;0;0;0;0;0;0;0;0;0;0;0;0;0;0;0;0;0
011;XI. IZBORNA JEDINICA;;inozemstvo;država;SLOVAÈKA REPUBLIKA;001;biraèko mjesto broj 1 - BRATISLAVA;VELEPOSLANSTVO REPUBLIKE HRVATSKE U SLOVAÈKOJ REPUBLICI;MIŠIKOVA 21, 81106 BRATISLAVA, SLOVAÈKA;2;2;2;2;0;0;0;0;0;0;0;0;0;0;1;0;0;0;0;0;0;0;0;0;0;0;0;0;0;0;0;0;0;0;0;0;0;0;0;0;0;0;0;0;0;0;0;0;0;0;0;0;0;0;0;0;0;0;0;0;0;0;0;0;0;0;0;0;0;0;0;0;0;0;0;0;0;0;0;0;0;0;0;0;0;0;0;0;0;0;0;0;0;0;0;0;0;0;0;0;1;0;1;0;0;0;0;0;0;0;0;0;0;0;0;0;0;0;0;0;0;0;0;0;0;0;0;0;0;0;0;0;0;0;0;0;0;0;0;0;0;0;0;0;0;0;0;0;0;0;0;0;0
011;XI. IZBORNA JEDINICA;;inozemstvo;država;SLOVENIJA;001;biraèko mjesto broj 1 - LJUBLJANA;VELEPOSLANSTVO REPUBLIKE HRVATSKE U REPUBLICI SLOVENIJI;GRUBERJEVO NABREŽJE 6, 1000 LJUBLJANA, SLOVENIJA;55;55;55;54;1;1;0;0;0;0;0;0;0;0;0;0;0;0;0;0;0;0;0;0;0;0;0;0;0;0;0;0;0;0;0;0;0;0;0;0;0;0;0;0;1;0;0;0;1;0;0;0;6;1;0;0;1;0;1;0;0;0;0;0;0;0;0;3;1;0;0;0;0;0;0;3;0;0;0;0;1;0;0;0;0;0;0;0;0;0;0;0;0;0;0;0;0;0;0;0;27;5;1;2;0;0;0;3;2;0;0;0;0;0;1;4;1;0;0;0;0;0;0;1;0;0;0;0;0;0;0;0;0;0;3;3;0;0;0;0;0;0;0;0;0;6;1;0;0;2;0;0;0
011;XI. IZBORNA JEDINICA;;inozemstvo;država;SRBIJA;001;biraèko mjesto broj 1 - BEOGRAD;VELEPOSLANSTVO REPUBLIKE HRVATSKE U REPUBLICI SRBIJI;KNEZA MILOŠA 82/I, 11000 BEOGRAD, SRBIJA;104;104;104;99;5;1;0;0;0;0;0;0;0;0;9;5;0;0;0;0;0;0;0;0;0;0;1;0;0;0;0;0;0;0;0;0;0;0;0;0;0;0;0;0;0;0;0;0;0;0;0;0;13;0;0;0;1;0;0;0;2;0;0;0;1;0;0;4;1;0;0;0;0;0;0;6;0;0;0;1;0;0;0;0;0;0;0;0;0;0;0;0;0;2;0;0;0;0;0;1;45;6;3;0;0;1;1;1;0;0;0;16;1;0;0;11;1;0;0;0;1;1;0;1;0;0;1;2;0;0;1;0;0;0;3;2;0;0;0;0;0;0;0;0;0;3;1;0;0;0;0;0;0
011;XI. IZBORNA JEDINICA;;inozemstvo;država;SRBIJA;002;biraèko mjesto broj 2 - SUBOTICA;GENERALNI KONZULAT REPUBLIKE HRVATSKE U REPUBLICI SRBIJI, SUBOTICA;MAKSIMA GORKOG 6, 24000 SUBOTICA, SRBIJA;233;233;233;228;5;2;1;0;0;0;0;0;0;0;34;9;1;2;0;0;0;1;1;0;1;0;0;0;0;0;0;0;0;0;0;0;0;0;0;0;0;0;0;0;2;0;0;0;0;0;0;0;27;6;0;0;1;2;0;0;0;1;0;0;0;0;0;3;0;0;0;0;1;0;0;5;1;1;1;1;0;0;0;0;0;0;0;0;0;0;0;0;0;1;0;0;0;0;0;0;135;21;2;2;0;0;2;3;3;1;0;32;4;1;1;7;0;0;0;0;4;0;0;0;1;1;0;0;0;0;0;0;0;0;10;6;0;0;0;0;0;0;0;0;0;2;0;0;0;0;0;0;0
011;XI. IZBORNA JEDINICA;;inozemstvo;država;ŠPANJOLSKA;001;biraèko mjesto broj 1 - MADRID;VELEPOSLANSTVO REPUBLIKE HRVATSKE U KRALJEVINI ŠPANJOLSKOJ;CALLE CLAUDIO COELLO 78/2, 28001 MADRID, ŠPANJOLSKA;2;2;2;2;0;0;0;0;0;0;0;0;0;0;1;1;0;0;0;0;0;0;0;0;0;0;0;0;0;0;0;0;0;0;0;0;0;0;0;0;0;0;0;0;0;0;0;0;0;0;0;0;0;0;0;0;0;0;0;0;0;0;0;0;0;0;0;0;0;0;0;0;0;0;0;0;0;0;0;0;0;0;0;0;0;0;0;0;0;0;0;0;0;0;0;0;0;0;0;0;1;0;0;0;0;0;0;0;0;0;1;0;0;0;0;0;0;0;0;0;0;0;0;0;0;0;0;0;0;0;0;0;0;0;0;0;0;0;0;0;0;0;0;0;0;0;0;0;0;0;0;0;0
011;XI. IZBORNA JEDINICA;;inozemstvo;država;ŠVEDSKA;001;biraèko mjesto broj 1 - STOCKHOLM;VELEPOSLANSTVO REPUBLIKE HRVATSKE U KRALJEVINI ŠVEDSKOJ;ENGELBREKTSPLAN 2, 114 34 STOCKHOLM, ŠVEDSKA;25;25;25;25;0;0;0;0;0;0;0;0;0;0;0;0;0;0;0;0;0;0;0;0;0;0;0;0;0;0;0;0;0;0;0;0;0;0;0;0;0;0;0;0;0;0;0;0;0;0;0;0;2;1;0;0;1;0;0;0;0;0;0;0;0;0;0;1;1;0;0;0;0;0;0;0;0;0;0;0;0;0;0;0;0;0;0;0;0;0;0;0;0;0;0;0;0;0;0;0;13;2;2;0;0;0;0;0;0;0;0;0;1;0;0;2;0;0;0;0;0;0;0;0;0;0;0;0;0;0;0;0;0;0;7;7;0;0;0;0;0;0;0;0;0;0;0;0;0;0;0;0;0
011;XI. IZBORNA JEDINICA;;inozemstvo;država;ŠVICARSKA;001;biraèko mjesto broj 1 - BERN;VELEPOSLANSTVO REPUBLIKE HRVATSKE U ŠVICARSKOJ KONFEDERACIJI;THUNSTRASSE 45, 3005 BERN, ŠVICARSKA;161;161;161;158;3;0;0;0;0;0;0;0;0;0;0;0;0;0;0;0;0;0;0;0;0;0;0;0;0;1;0;0;0;0;0;0;0;0;0;0;0;0;0;0;0;0;0;0;0;0;0;0;3;2;0;0;0;0;0;0;0;0;0;0;0;0;0;1;1;0;0;0;0;0;0;0;0;0;0;0;0;0;0;0;0;0;0;0;0;0;0;0;0;0;0;0;0;0;0;0;111;23;5;1;0;2;2;3;3;1;1;0;4;1;1;3;1;2;0;0;0;0;0;0;0;0;0;0;0;0;0;0;0;0;38;38;0;0;0;0;0;0;0;0;0;1;0;0;0;0;0;0;0
011;XI. IZBORNA JEDINICA;;inozemstvo;država;ŠVICARSKA;002;biraèko mjesto broj 2 - ZÜRICH;GENERALNI KONZULAT REPUBLIKE HRVATSKE U ŠVICARSKOJ KONFEDERACIJI, ZÜRICH;BELLERIVESTRASSE 5, 8008 ZÜRICH, ŠVICARSKA;267;267;265;263;2;0;0;0;0;0;0;0;0;0;5;0;0;0;0;0;0;0;1;0;0;0;0;0;0;3;2;0;0;0;0;0;0;0;0;0;0;0;0;0;1;0;0;0;0;1;0;0;19;0;0;0;3;1;0;0;1;0;0;2;0;0;0;5;1;1;0;1;1;0;0;4;0;0;0;0;0;0;0;0;0;0;0;0;0;0;0;0;0;0;0;0;0;0;0;0;166;37;9;1;1;0;4;4;6;2;2;0;3;0;0;5;2;0;0;0;0;0;0;0;1;0;0;0;0;0;0;0;0;0;54;54;0;0;0;0;0;0;0;0;0;1;0;0;0;0;0;0;1
011;XI. IZBORNA JEDINICA;;inozemstvo;država;TURSKA;001;biraèko mjesto broj 1 - ANKARA;VELEPOSLANSTVO REPUBLIKE HRVATSKE U REPUBLICI TURSKOJ;KARYAGDI SOKAK 13/1-2, CANKAYA/ANKARA, REPUBLIKA TURSKA;0;0;0;0;0;0;0;0;0;0;0;0;0;0;0;0;0;0;0;0;0;0;0;0;0;0;0;0;0;0;0;0;0;0;0;0;0;0;0;0;0;0;0;0;0;0;0;0;0;0;0;0;0;0;0;0;0;0;0;0;0;0;0;0;0;0;0;0;0;0;0;0;0;0;0;0;0;0;0;0;0;0;0;0;0;0;0;0;0;0;0;0;0;0;0;0;0;0;0;0;0;0;0;0;0;0;0;0;0;0;0;0;0;0;0;0;0;0;0;0;0;0;0;0;0;0;0;0;0;0;0;0;0;0;0;0;0;0;0;0;0;0;0;0;0;0;0;0;0;0;0;0;0
011;XI. IZBORNA JEDINICA;;inozemstvo;država;TURSKA;002;biraèko mjesto broj 2 - ISTANBUL;GENERALNI KONZULAT REPUBLIKE HRVATSKE U REPUBLICI TURSKOJ;ASMALI MESCIT MAH. OTELLER SOK. 1, 34420 TEPEBASI BEYOGLU, ISTANBUL, TURSKA;4;4;4;4;0;0;0;0;0;0;0;0;0;0;0;0;0;0;0;0;0;0;0;0;0;0;0;0;0;0;0;0;0;0;0;0;0;0;0;0;0;0;0;0;0;0;0;0;0;0;0;0;3;0;0;0;0;0;0;0;0;0;0;0;0;0;0;0;0;0;0;0;0;0;0;0;0;0;0;0;0;0;0;0;0;0;0;0;0;0;0;0;0;0;0;0;0;0;0;0;1;0;0;0;0;0;0;0;0;0;0;0;0;0;0;0;0;0;0;0;0;0;0;0;0;0;0;0;0;0;0;0;0;0;0;0;0;0;0;0;0;0;0;0;0;0;0;0;0;0;0;0;0
011;XI. IZBORNA JEDINICA;;inozemstvo;država;UKRAJINA;001;biraèko mjesto broj 1 - KIJEV;VELEPOSLANSTVO REPUBLIKE HRVATSKE U UKRAJINI;UL. ARTEMA 51/50, 01901 KYIV, UKRAJINA;0;0;0;0;0;0;0;0;0;0;0;0;0;0;0;0;0;0;0;0;0;0;0;0;0;0;0;0;0;0;0;0;0;0;0;0;0;0;0;0;0;0;0;0;0;0;0;0;0;0;0;0;0;0;0;0;0;0;0;0;0;0;0;0;0;0;0;0;0;0;0;0;0;0;0;0;0;0;0;0;0;0;0;0;0;0;0;0;0;0;0;0;0;0;0;0;0;0;0;0;0;0;0;0;0;0;0;0;0;0;0;0;0;0;0;0;0;0;0;0;0;0;0;0;0;0;0;0;0;0;0;0;0;0;0;0;0;0;0;0;0;0;0;0;0;0;0;0;0;0;0;0;0
011;XI. IZBORNA JEDINICA;;inozemstvo;država;VELIKA BRITANIJA;001;biraèko mjesto broj 1 - LONDON;VELEPOSLANSTVO REPUBLIKE HRVATSKE U UJEDINJENOJ KRALJEVINI VELIKE BRITANIJE I SJEVERNE IRSKE;21 CONWAY STREET, LONDON W1T 6BN, VELIKA BRITANIJA;10;10;10;10;0;0;0;0;0;0;0;0;0;0;0;0;0;0;0;0;0;0;0;0;0;0;0;0;0;0;0;0;0;0;0;0;0;0;0;0;0;0;0;0;0;0;0;0;0;0;0;0;0;0;0;0;0;0;0;0;0;0;0;0;0;0;0;1;0;1;0;0;0;0;0;1;0;0;0;0;0;0;0;0;0;0;0;0;0;0;0;0;0;1;0;0;0;0;0;0;4;2;0;0;0;0;0;0;0;0;0;0;0;0;0;2;0;0;0;0;1;0;0;0;0;0;0;0;0;0;0;0;0;0;1;0;0;0;0;0;0;0;0;0;0;0;0;0;0;0;0;0;0
